INSERT INTO tipo_documento (id_tipo_documento, nombre) VALUES (UNHEX('B79C045C57AD11E8A87C40167EB4F57C'), 'CC');
INSERT INTO tipo_documento (id_tipo_documento, nombre) VALUES (UNHEX('B79C10EB57AD11E8A87C40167EB4F57C'), 'RC');
INSERT INTO tipo_documento (id_tipo_documento, nombre) VALUES (UNHEX('B79C17E357AD11E8A87C40167EB4F57C'), 'TI');
INSERT INTO tipo_documento (id_tipo_documento, nombre) VALUES (UNHEX('B79C1EE257AD11E8A87C40167EB4F57C'), 'CE');
INSERT INTO tipo_documento (id_tipo_documento, nombre) VALUES (UNHEX('B79C25C257AD11E8A87C40167EB4F57C'), 'ASI');
INSERT INTO tipo_documento (id_tipo_documento, nombre) VALUES (UNHEX('B79C2CD357AD11E8A87C40167EB4F57C'), 'MSI');

INSERT INTO usuario (id_usuario, identificacion, nombres, apellidos, username, password, email, direccion, telefono, celular, ultimo_acceso, id_tipo_documento, enabled) 
VALUES (UNHEX('A3FC709557AE11E8A87C40167EB4F57C'), 72346450, 'David', 'Henriquez', 'admin', '$2a$08$lDnHPz7eUkSi6ao14Twuau08mzhWrL4kyZGGU5xfiGALO/Vxd5DOi', 'david.heriquez.23@gmail.com', 'Calle 51 # 21 - 31', '3142798', '3014413292', NOW(), UNHEX('B79C045C57AD11E8A87C40167EB4F57C'), 1);

INSERT INTO rol (id_rol, nombre) VALUES (UNHEX('C79D8B3257AE11E8A87C40167EB4F57C'), 'admin global');

INSERT INTO usuario_rol (id_usuario, id_rol) VALUES (UNHEX('A3FC709557AE11E8A87C40167EB4F57C'), UNHEX('C79D8B3257AE11E8A87C40167EB4F57C'));

INSERT INTO rol (id_rol, nombre) VALUES (UNHEX('B5BA58C357B111E8A87C40167EB4F57C'), 'Psiquiatria');
INSERT INTO rol (id_rol, nombre) VALUES (UNHEX('B5BA61A457B111E8A87C40167EB4F57C'), 'Psiquiatria Infantil');
INSERT INTO rol (id_rol, nombre) VALUES (UNHEX('B5BA629457B111E8A87C40167EB4F57C'), 'Medicina general');
INSERT INTO rol (id_rol, nombre) VALUES (UNHEX('B5BA68B857B111E8A87C40167EB4F57C'), 'Jefe enfermeria');
INSERT INTO rol (id_rol, nombre) VALUES (UNHEX('B5BA6EA357B111E8A87C40167EB4F57C'), 'Enfermeria');
INSERT INTO rol (id_rol, nombre) VALUES (UNHEX('B5BA748057B111E8A87C40167EB4F57C'), 'Psicologia');
INSERT INTO rol (id_rol, nombre) VALUES (UNHEX('B5BA7A5757B111E8A87C40167EB4F57C'), 'Fisioterapeuta');
INSERT INTO rol (id_rol, nombre) VALUES (UNHEX('B5BA846857B111E8A87C40167EB4F57C'), 'Trabajo social');
INSERT INTO rol (id_rol, nombre) VALUES (UNHEX('B5BA8DB257B111E8A87C40167EB4F57C'), 'Facilitador terapeutico');
INSERT INTO rol (id_rol, nombre) VALUES (UNHEX('B5BA943757B111E8A87C40167EB4F57C'), 'Terapeuta ocupacional');
INSERT INTO rol (id_rol, nombre) VALUES (UNHEX('B5BA9A2257B111E8A87C40167EB4F57C'), 'Fonoaudiologia');
INSERT INTO rol (id_rol, nombre) VALUES (UNHEX('B5BAA00457B111E8A87C40167EB4F57C'), 'NeuroPsicologia');
INSERT INTO rol (id_rol, nombre) VALUES (UNHEX('B5BAA61557B111E8A87C40167EB4F57C'), 'Educacion Especial');
INSERT INTO rol (id_rol, nombre) VALUES (UNHEX('B5BAAD4057B111E8A87C40167EB4F57C'), 'Auxiliares Administrativos');
INSERT INTO rol (id_rol, nombre) VALUES (UNHEX('B5BAB44757B111E8A87C40167EB4F57C'), 'Paciente');

INSERT INTO permiso (id_permiso, nombre) VALUES (UNHEX('5D26DD0957B311E8A87C40167EB4F57C'), 'ROLE_layout');
INSERT INTO permiso (id_permiso, nombre) VALUES (UNHEX('5D289E0257B311E8A87C40167EB4F57C'), 'ROLE_seguridad');
INSERT INTO permiso (id_permiso, nombre) VALUES (UNHEX('5D28A50857B311E8A87C40167EB4F57C'), 'ROLE_roles');
INSERT INTO permiso (id_permiso, nombre) VALUES (UNHEX('5D28AB1D57B311E8A87C40167EB4F57C'), 'ROLE_consultar rol');
INSERT INTO permiso (id_permiso, nombre) VALUES (UNHEX('5D28B10157B311E8A87C40167EB4F57C'), 'ROLE_crear rol');
INSERT INTO permiso (id_permiso, nombre) VALUES (UNHEX('5D28B6E257B311E8A87C40167EB4F57C'), 'ROLE_editar rol');
INSERT INTO permiso (id_permiso, nombre) VALUES (UNHEX('5D28BCEA57B311E8A87C40167EB4F57C'), 'ROLE_eliminar rol');
INSERT INTO permiso (id_permiso, nombre) VALUES (UNHEX('5D296A1157B311E8A87C40167EB4F57C'), 'ROLE_listas');
INSERT INTO permiso (id_permiso, nombre) VALUES (UNHEX('5D29713E57B311E8A87C40167EB4F57C'), 'ROLE_opciones');
INSERT INTO permiso (id_permiso, nombre) VALUES (UNHEX('5D29773157B311E8A87C40167EB4F57C'), 'ROLE_consultar opcion');
INSERT INTO permiso (id_permiso, nombre) VALUES (UNHEX('5D297D0D57B311E8A87C40167EB4F57C'), 'ROLE_crear opcion');
INSERT INTO permiso (id_permiso, nombre) VALUES (UNHEX('5D297DF357B311E8A87C40167EB4F57C'), 'ROLE_editar opcion');
INSERT INTO permiso (id_permiso, nombre) VALUES (UNHEX('5D297EBC57B311E8A87C40167EB4F57C'), 'ROLE_eliminar opcion');
INSERT INTO permiso (id_permiso, nombre) VALUES (UNHEX('5D297F9057B311E8A87C40167EB4F57C'), 'ROLE_sedes');
INSERT INTO permiso (id_permiso, nombre) VALUES (UNHEX('5D29805C57B311E8A87C40167EB4F57C'), 'ROLE_consultar sede');
INSERT INTO permiso (id_permiso, nombre) VALUES (UNHEX('5D29812857B311E8A87C40167EB4F57C'), 'ROLE_crear sede');
INSERT INTO permiso (id_permiso, nombre) VALUES (UNHEX('5D2981F757B311E8A87C40167EB4F57C'), 'ROLE_editar sede');
INSERT INTO permiso (id_permiso, nombre) VALUES (UNHEX('5D2982C657B311E8A87C40167EB4F57C'), 'ROLE_eliminar sede');
INSERT INTO permiso (id_permiso, nombre) VALUES (UNHEX('5D29838D57B311E8A87C40167EB4F57C'), 'ROLE_tipos documentos');
INSERT INTO permiso (id_permiso, nombre) VALUES (UNHEX('5D2B9EE957B311E8A87C40167EB4F57C'), 'ROLE_consultar tipo documento');
INSERT INTO permiso (id_permiso, nombre) VALUES (UNHEX('5D2BA08E57B311E8A87C40167EB4F57C'), 'ROLE_crear tipo documento');
INSERT INTO permiso (id_permiso, nombre) VALUES (UNHEX('5D2BA1B857B311E8A87C40167EB4F57C'), 'ROLE_editar tipo documento');
INSERT INTO permiso (id_permiso, nombre) VALUES (UNHEX('5D2BA2E657B311E8A87C40167EB4F57C'), 'ROLE_eliminar tipo documento');
INSERT INTO permiso (id_permiso, nombre) VALUES (UNHEX('5D2BA3F157B311E8A87C40167EB4F57C'), 'ROLE_cie10s');
INSERT INTO permiso (id_permiso, nombre) VALUES (UNHEX('5D2BA5D157B311E8A87C40167EB4F57C'), 'ROLE_consultar cie10');
INSERT INTO permiso (id_permiso, nombre) VALUES (UNHEX('5D2BA72A57B311E8A87C40167EB4F57C'), 'ROLE_crear cie10');
INSERT INTO permiso (id_permiso, nombre) VALUES (UNHEX('5D2BA80D57B311E8A87C40167EB4F57C'), 'ROLE_editar cie10');
INSERT INTO permiso (id_permiso, nombre) VALUES (UNHEX('5D2BA8DE57B311E8A87C40167EB4F57C'), 'ROLE_eliminar cie10');

INSERT INTO rol_permiso (id_rol, id_permiso) VALUES (UNHEX('C79D8B3257AE11E8A87C40167EB4F57C'), UNHEX('5D26DD0957B311E8A87C40167EB4F57C'));
INSERT INTO rol_permiso (id_rol, id_permiso) VALUES (UNHEX('C79D8B3257AE11E8A87C40167EB4F57C'), UNHEX('5D289E0257B311E8A87C40167EB4F57C'));
INSERT INTO rol_permiso (id_rol, id_permiso) VALUES (UNHEX('C79D8B3257AE11E8A87C40167EB4F57C'), UNHEX('5D28A50857B311E8A87C40167EB4F57C'));
INSERT INTO rol_permiso (id_rol, id_permiso) VALUES (UNHEX('C79D8B3257AE11E8A87C40167EB4F57C'), UNHEX('5D28AB1D57B311E8A87C40167EB4F57C'));
INSERT INTO rol_permiso (id_rol, id_permiso) VALUES (UNHEX('C79D8B3257AE11E8A87C40167EB4F57C'), UNHEX('5D28B10157B311E8A87C40167EB4F57C'));
INSERT INTO rol_permiso (id_rol, id_permiso) VALUES (UNHEX('C79D8B3257AE11E8A87C40167EB4F57C'), UNHEX('5D28B6E257B311E8A87C40167EB4F57C'));
INSERT INTO rol_permiso (id_rol, id_permiso) VALUES (UNHEX('C79D8B3257AE11E8A87C40167EB4F57C'), UNHEX('5D28BCEA57B311E8A87C40167EB4F57C'));
INSERT INTO rol_permiso (id_rol, id_permiso) VALUES (UNHEX('C79D8B3257AE11E8A87C40167EB4F57C'), UNHEX('5D296A1157B311E8A87C40167EB4F57C'));
INSERT INTO rol_permiso (id_rol, id_permiso) VALUES (UNHEX('C79D8B3257AE11E8A87C40167EB4F57C'), UNHEX('5D29713E57B311E8A87C40167EB4F57C'));
INSERT INTO rol_permiso (id_rol, id_permiso) VALUES (UNHEX('C79D8B3257AE11E8A87C40167EB4F57C'), UNHEX('5D29773157B311E8A87C40167EB4F57C'));
INSERT INTO rol_permiso (id_rol, id_permiso) VALUES (UNHEX('C79D8B3257AE11E8A87C40167EB4F57C'), UNHEX('5D297D0D57B311E8A87C40167EB4F57C'));
INSERT INTO rol_permiso (id_rol, id_permiso) VALUES (UNHEX('C79D8B3257AE11E8A87C40167EB4F57C'), UNHEX('5D297DF357B311E8A87C40167EB4F57C'));
INSERT INTO rol_permiso (id_rol, id_permiso) VALUES (UNHEX('C79D8B3257AE11E8A87C40167EB4F57C'), UNHEX('5D297EBC57B311E8A87C40167EB4F57C'));
INSERT INTO rol_permiso (id_rol, id_permiso) VALUES (UNHEX('C79D8B3257AE11E8A87C40167EB4F57C'), UNHEX('5D297F9057B311E8A87C40167EB4F57C'));
INSERT INTO rol_permiso (id_rol, id_permiso) VALUES (UNHEX('C79D8B3257AE11E8A87C40167EB4F57C'), UNHEX('5D29805C57B311E8A87C40167EB4F57C'));
INSERT INTO rol_permiso (id_rol, id_permiso) VALUES (UNHEX('C79D8B3257AE11E8A87C40167EB4F57C'), UNHEX('5D29812857B311E8A87C40167EB4F57C'));
INSERT INTO rol_permiso (id_rol, id_permiso) VALUES (UNHEX('C79D8B3257AE11E8A87C40167EB4F57C'), UNHEX('5D2981F757B311E8A87C40167EB4F57C'));
INSERT INTO rol_permiso (id_rol, id_permiso) VALUES (UNHEX('C79D8B3257AE11E8A87C40167EB4F57C'), UNHEX('5D2982C657B311E8A87C40167EB4F57C'));
INSERT INTO rol_permiso (id_rol, id_permiso) VALUES (UNHEX('C79D8B3257AE11E8A87C40167EB4F57C'), UNHEX('5D29838D57B311E8A87C40167EB4F57C'));
INSERT INTO rol_permiso (id_rol, id_permiso) VALUES (UNHEX('C79D8B3257AE11E8A87C40167EB4F57C'), UNHEX('5D2B9EE957B311E8A87C40167EB4F57C'));
INSERT INTO rol_permiso (id_rol, id_permiso) VALUES (UNHEX('C79D8B3257AE11E8A87C40167EB4F57C'), UNHEX('5D2BA08E57B311E8A87C40167EB4F57C'));
INSERT INTO rol_permiso (id_rol, id_permiso) VALUES (UNHEX('C79D8B3257AE11E8A87C40167EB4F57C'), UNHEX('5D2BA1B857B311E8A87C40167EB4F57C'));
INSERT INTO rol_permiso (id_rol, id_permiso) VALUES (UNHEX('C79D8B3257AE11E8A87C40167EB4F57C'), UNHEX('5D2BA2E657B311E8A87C40167EB4F57C'));
INSERT INTO rol_permiso (id_rol, id_permiso) VALUES (UNHEX('C79D8B3257AE11E8A87C40167EB4F57C'), UNHEX('5D2BA3F157B311E8A87C40167EB4F57C'));
INSERT INTO rol_permiso (id_rol, id_permiso) VALUES (UNHEX('C79D8B3257AE11E8A87C40167EB4F57C'), UNHEX('5D2BA5D157B311E8A87C40167EB4F57C'));
INSERT INTO rol_permiso (id_rol, id_permiso) VALUES (UNHEX('C79D8B3257AE11E8A87C40167EB4F57C'), UNHEX('5D2BA72A57B311E8A87C40167EB4F57C'));
INSERT INTO rol_permiso (id_rol, id_permiso) VALUES (UNHEX('C79D8B3257AE11E8A87C40167EB4F57C'), UNHEX('5D2BA80D57B311E8A87C40167EB4F57C'));
INSERT INTO rol_permiso (id_rol, id_permiso) VALUES (UNHEX('C79D8B3257AE11E8A87C40167EB4F57C'), UNHEX('5D2BA8DE57B311E8A87C40167EB4F57C'));

INSERT INTO opcion (id_opcion, nombre) VALUES (UNHEX('D86B928757B211E8A87C40167EB4F57C'), 'X');
INSERT INTO opcion (id_opcion, nombre) VALUES (UNHEX('D86DC76F57B211E8A87C40167EB4F57C'), 'SI');
INSERT INTO opcion (id_opcion, nombre) VALUES (UNHEX('D86DD3FB57B211E8A87C40167EB4F57C'), 'NO');

INSERT INTO sede (id_sede, nombre) VALUES (UNHEX('D86DDDE857B211E8A87C40167EB4F57C'), 'SEDE 82');
INSERT INTO sede (id_sede, nombre) VALUES (UNHEX('D86DE51057B211E8A87C40167EB4F57C'), 'PITAL DE MEGUA');
INSERT INTO sede (id_sede, nombre) VALUES (UNHEX('D86DEBC557B211E8A87C40167EB4F57C'), 'CENTRO DE VIDA');
INSERT INTO sede (id_sede, nombre) VALUES (UNHEX('D86DF37C57B211E8A87C40167EB4F57C'), 'SANTA MARTA');