INSERT INTO tipo_documento (id_tipo_documento, nombre) VALUES (UNHEX('B79C045C57AD11E8A87C40167EB4F57C'), 'CC');
INSERT INTO tipo_documento (id_tipo_documento, nombre) VALUES (UNHEX('B79C10EB57AD11E8A87C40167EB4F57C'), 'RC');
INSERT INTO tipo_documento (id_tipo_documento, nombre) VALUES (UNHEX('B79C17E357AD11E8A87C40167EB4F57C'), 'TI');
INSERT INTO tipo_documento (id_tipo_documento, nombre) VALUES (UNHEX('B79C1EE257AD11E8A87C40167EB4F57C'), 'CE');
INSERT INTO tipo_documento (id_tipo_documento, nombre) VALUES (UNHEX('B79C25C257AD11E8A87C40167EB4F57C'), 'ASI');
INSERT INTO tipo_documento (id_tipo_documento, nombre) VALUES (UNHEX('B79C2CD357AD11E8A87C40167EB4F57C'), 'MSI');

INSERT INTO usuario (id_usuario, identificacion, nombres, apellidos, username, password, email, direccion, telefono, celular, ultimo_acceso, id_tipo_documento, enabled) 
VALUES (UNHEX('A3FC709557AE11E8A87C40167EB4F57C'), 72346450, 'David', 'Henriquez', 'admin', '$2a$08$lDnHPz7eUkSi6ao14Twuau08mzhWrL4kyZGGU5xfiGALO/Vxd5DOi', 'david.heriquez.23@gmail.com', 'Calle 51 # 21 - 31', '3142798', '3014413292', NOW(), UNHEX('B79C045C57AD11E8A87C40167EB4F57C'), 1);

INSERT INTO rol (id_rol, nombre) VALUES (UNHEX('C79D8B3257AE11E8A87C40167EB4F57C'), 'admin global');

INSERT INTO usuario_rol (id_usuario, id_rol) VALUES (UNHEX('A3FC709557AE11E8A87C40167EB4F57C'), UNHEX('C79D8B3257AE11E8A87C40167EB4F57C'));

INSERT INTO rol (id_rol, nombre) VALUES (UNHEX('B5BA58C357B111E8A87C40167EB4F57C'), 'Psiquiatria');
INSERT INTO rol (id_rol, nombre) VALUES (UNHEX('B5BA61A457B111E8A87C40167EB4F57C'), 'Psiquiatria Infantil');
INSERT INTO rol (id_rol, nombre) VALUES (UNHEX('B5BA629457B111E8A87C40167EB4F57C'), 'Medicina general');
INSERT INTO rol (id_rol, nombre) VALUES (UNHEX('B5BA68B857B111E8A87C40167EB4F57C'), 'Jefe enfermeria');
INSERT INTO rol (id_rol, nombre) VALUES (UNHEX('B5BA6EA357B111E8A87C40167EB4F57C'), 'Enfermeria');
INSERT INTO rol (id_rol, nombre) VALUES (UNHEX('B5BA748057B111E8A87C40167EB4F57C'), 'Psicologia');
INSERT INTO rol (id_rol, nombre) VALUES (UNHEX('B5BA7A5757B111E8A87C40167EB4F57C'), 'Fisioterapeuta');
INSERT INTO rol (id_rol, nombre) VALUES (UNHEX('B5BA846857B111E8A87C40167EB4F57C'), 'Trabajo social');
INSERT INTO rol (id_rol, nombre) VALUES (UNHEX('B5BA8DB257B111E8A87C40167EB4F57C'), 'Facilitador terapeutico');
INSERT INTO rol (id_rol, nombre) VALUES (UNHEX('B5BA943757B111E8A87C40167EB4F57C'), 'Terapeuta ocupacional');
INSERT INTO rol (id_rol, nombre) VALUES (UNHEX('B5BA9A2257B111E8A87C40167EB4F57C'), 'Fonoaudiologia');
INSERT INTO rol (id_rol, nombre) VALUES (UNHEX('B5BAA00457B111E8A87C40167EB4F57C'), 'NeuroPsicologia');
INSERT INTO rol (id_rol, nombre) VALUES (UNHEX('B5BAA61557B111E8A87C40167EB4F57C'), 'Educacion Especial');
INSERT INTO rol (id_rol, nombre) VALUES (UNHEX('B5BAAD4057B111E8A87C40167EB4F57C'), 'Auxiliares Administrativos');
INSERT INTO rol (id_rol, nombre) VALUES (UNHEX('B5BAB44757B111E8A87C40167EB4F57C'), 'Paciente');

INSERT INTO permiso (id_permiso, nombre) VALUES (UNHEX('5D26DD0957B311E8A87C40167EB4F57C'), 'ROLE_layout');
INSERT INTO permiso (id_permiso, nombre) VALUES (UNHEX('5D289E0257B311E8A87C40167EB4F57C'), 'ROLE_seguridad');
INSERT INTO permiso (id_permiso, nombre) VALUES (UNHEX('5D28A50857B311E8A87C40167EB4F57C'), 'ROLE_roles');
INSERT INTO permiso (id_permiso, nombre) VALUES (UNHEX('5D28AB1D57B311E8A87C40167EB4F57C'), 'ROLE_consultar rol');
INSERT INTO permiso (id_permiso, nombre) VALUES (UNHEX('5D28B10157B311E8A87C40167EB4F57C'), 'ROLE_crear rol');
INSERT INTO permiso (id_permiso, nombre) VALUES (UNHEX('5D28B6E257B311E8A87C40167EB4F57C'), 'ROLE_editar rol');
INSERT INTO permiso (id_permiso, nombre) VALUES (UNHEX('5D28BCEA57B311E8A87C40167EB4F57C'), 'ROLE_eliminar rol');
INSERT INTO permiso (id_permiso, nombre) VALUES (UNHEX('5D296A1157B311E8A87C40167EB4F57C'), 'ROLE_listas');
INSERT INTO permiso (id_permiso, nombre) VALUES (UNHEX('5D29713E57B311E8A87C40167EB4F57C'), 'ROLE_opciones');
INSERT INTO permiso (id_permiso, nombre) VALUES (UNHEX('5D29773157B311E8A87C40167EB4F57C'), 'ROLE_consultar opcion');
INSERT INTO permiso (id_permiso, nombre) VALUES (UNHEX('5D297D0D57B311E8A87C40167EB4F57C'), 'ROLE_crear opcion');
INSERT INTO permiso (id_permiso, nombre) VALUES (UNHEX('5D297DF357B311E8A87C40167EB4F57C'), 'ROLE_editar opcion');
INSERT INTO permiso (id_permiso, nombre) VALUES (UNHEX('5D297EBC57B311E8A87C40167EB4F57C'), 'ROLE_eliminar opcion');
INSERT INTO permiso (id_permiso, nombre) VALUES (UNHEX('5D297F9057B311E8A87C40167EB4F57C'), 'ROLE_sedes');
INSERT INTO permiso (id_permiso, nombre) VALUES (UNHEX('5D29805C57B311E8A87C40167EB4F57C'), 'ROLE_consultar sede');
INSERT INTO permiso (id_permiso, nombre) VALUES (UNHEX('5D29812857B311E8A87C40167EB4F57C'), 'ROLE_crear sede');
INSERT INTO permiso (id_permiso, nombre) VALUES (UNHEX('5D2981F757B311E8A87C40167EB4F57C'), 'ROLE_editar sede');
INSERT INTO permiso (id_permiso, nombre) VALUES (UNHEX('5D2982C657B311E8A87C40167EB4F57C'), 'ROLE_eliminar sede');
INSERT INTO permiso (id_permiso, nombre) VALUES (UNHEX('5D29838D57B311E8A87C40167EB4F57C'), 'ROLE_tipos documentos');
INSERT INTO permiso (id_permiso, nombre) VALUES (UNHEX('5D2B9EE957B311E8A87C40167EB4F57C'), 'ROLE_consultar tipo documento');
INSERT INTO permiso (id_permiso, nombre) VALUES (UNHEX('5D2BA08E57B311E8A87C40167EB4F57C'), 'ROLE_crear tipo documento');
INSERT INTO permiso (id_permiso, nombre) VALUES (UNHEX('5D2BA1B857B311E8A87C40167EB4F57C'), 'ROLE_editar tipo documento');
INSERT INTO permiso (id_permiso, nombre) VALUES (UNHEX('5D2BA2E657B311E8A87C40167EB4F57C'), 'ROLE_eliminar tipo documento');
INSERT INTO permiso (id_permiso, nombre) VALUES (UNHEX('5D2BA3F157B311E8A87C40167EB4F57C'), 'ROLE_cie10s');
INSERT INTO permiso (id_permiso, nombre) VALUES (UNHEX('5D2BA5D157B311E8A87C40167EB4F57C'), 'ROLE_consultar cie10');
INSERT INTO permiso (id_permiso, nombre) VALUES (UNHEX('5D2BA72A57B311E8A87C40167EB4F57C'), 'ROLE_crear cie10');
INSERT INTO permiso (id_permiso, nombre) VALUES (UNHEX('5D2BA80D57B311E8A87C40167EB4F57C'), 'ROLE_editar cie10');
INSERT INTO permiso (id_permiso, nombre) VALUES (UNHEX('5D2BA8DE57B311E8A87C40167EB4F57C'), 'ROLE_eliminar cie10');
INSERT INTO permiso (id_permiso, nombre) VALUES (UNHEX('6769531058A411E8BCB640167EB4F57C'), 'ROLE_estados civiles');
INSERT INTO permiso (id_permiso, nombre) VALUES (UNHEX('676D426558A411E8BCB640167EB4F57C'), 'ROLE_consultar estado civil');
INSERT INTO permiso (id_permiso, nombre) VALUES (UNHEX('676D4DAD58A411E8BCB640167EB4F57C'), 'ROLE_crear estado civil');
INSERT INTO permiso (id_permiso, nombre) VALUES (UNHEX('676D559758A411E8BCB640167EB4F57C'), 'ROLE_editar estado civil');
INSERT INTO permiso (id_permiso, nombre) VALUES (UNHEX('676D5D6C58A411E8BCB640167EB4F57C'), 'ROLE_eliminar estado civil');
INSERT INTO permiso (id_permiso, nombre) VALUES (UNHEX('BD83477E5A3611E8BCB640167EB4F57C'), 'ROLE_camas');
INSERT INTO permiso (id_permiso, nombre) VALUES (UNHEX('BD84B6825A3611E8BCB640167EB4F57C'), 'ROLE_consultar cama');
INSERT INTO permiso (id_permiso, nombre) VALUES (UNHEX('BD933F425A3611E8BCB640167EB4F57C'), 'ROLE_crear cama');
INSERT INTO permiso (id_permiso, nombre) VALUES (UNHEX('BD9501C65A3611E8BCB640167EB4F57C'), 'ROLE_editar cama');
INSERT INTO permiso (id_permiso, nombre) VALUES (UNHEX('BD9DEA635A3611E8BCB640167EB4F57C'), 'ROLE_eliminar cama');
INSERT INTO permiso (id_permiso, nombre) VALUES (UNHEX('2CE4B7AE5B0011E8BC7040167EB4F57C'), 'ROLE_servicios');
INSERT INTO permiso (id_permiso, nombre) VALUES (UNHEX('2CEBA8685B0011E8BC7040167EB4F57C'), 'ROLE_consultar servicio');
INSERT INTO permiso (id_permiso, nombre) VALUES (UNHEX('2CEF93735B0011E8BC7040167EB4F57C'), 'ROLE_crear servicio');
INSERT INTO permiso (id_permiso, nombre) VALUES (UNHEX('2CEF9D265B0011E8BC7040167EB4F57C'), 'ROLE_editar servicio');
INSERT INTO permiso (id_permiso, nombre) VALUES (UNHEX('2CEFA5335B0011E8BC7040167EB4F57C'), 'ROLE_eliminar servicio');
INSERT INTO permiso (id_permiso, nombre) VALUES (UNHEX('2615BE145B7711E8A1EE40167EB4F57C'), 'ROLE_alteraciones');
INSERT INTO permiso (id_permiso, nombre) VALUES (UNHEX('261FF8195B7711E8A1EE40167EB4F57C'), 'ROLE_consultar alteracion');
INSERT INTO permiso (id_permiso, nombre) VALUES (UNHEX('262005115B7711E8A1EE40167EB4F57C'), 'ROLE_crear alteracion');
INSERT INTO permiso (id_permiso, nombre) VALUES (UNHEX('26200EF45B7711E8A1EE40167EB4F57C'), 'ROLE_editar alteracion');
INSERT INTO permiso (id_permiso, nombre) VALUES (UNHEX('2620187D5B7711E8A1EE40167EB4F57C'), 'ROLE_eliminar alteracion');
INSERT INTO permiso (id_permiso, nombre) VALUES (UNHEX('28A88C9B5B8611E8A1EE40167EB4F57C'), 'ROLE_patrones');
INSERT INTO permiso (id_permiso, nombre) VALUES (UNHEX('28A874AB5B8611E8A1EE40167EB4F57C'), 'ROLE_consultar patron');
INSERT INTO permiso (id_permiso, nombre) VALUES (UNHEX('28A866065B8611E8A1EE40167EB4F57C'), 'ROLE_crear patron');
INSERT INTO permiso (id_permiso, nombre) VALUES (UNHEX('289CF8645B8611E8A1EE40167EB4F57C'), 'ROLE_editar patron');
INSERT INTO permiso (id_permiso, nombre) VALUES (UNHEX('286A5FFA5B8611E8A1EE40167EB4F57C'), 'ROLE_eliminar patron');
INSERT INTO permiso (id_permiso, nombre) VALUES (UNHEX('EF6428305B8B11E8A1EE40167EB4F57C'), 'ROLE_tonos voz');
INSERT INTO permiso (id_permiso, nombre) VALUES (UNHEX('EF6426DD5B8B11E8A1EE40167EB4F57C'), 'ROLE_consultar tono voz');
INSERT INTO permiso (id_permiso, nombre) VALUES (UNHEX('EF6425825B8B11E8A1EE40167EB4F57C'), 'ROLE_crear tono voz');
INSERT INTO permiso (id_permiso, nombre) VALUES (UNHEX('EF6424105B8B11E8A1EE40167EB4F57C'), 'ROLE_editar tono voz');
INSERT INTO permiso (id_permiso, nombre) VALUES (UNHEX('EF6420255B8B11E8A1EE40167EB4F57C'), 'ROLE_eliminar tono voz');
INSERT INTO permiso (id_permiso, nombre) VALUES (UNHEX('1B7D51B25C4A11E8871A40167EB4F57C'), 'ROLE_se muestra1');
INSERT INTO permiso (id_permiso, nombre) VALUES (UNHEX('1B8676D85C4A11E8871A40167EB4F57C'), 'ROLE_consultar se muestra1');
INSERT INTO permiso (id_permiso, nombre) VALUES (UNHEX('1B867E0A5C4A11E8871A40167EB4F57C'), 'ROLE_crear se muestra1');
INSERT INTO permiso (id_permiso, nombre) VALUES (UNHEX('1B8682895C4A11E8871A40167EB4F57C'), 'ROLE_editar se muestra1');
INSERT INTO permiso (id_permiso, nombre) VALUES (UNHEX('1B8686795C4A11E8871A40167EB4F57C'), 'ROLE_eliminar se muestra1');
INSERT INTO permiso (id_permiso, nombre) VALUES (UNHEX('1B868A5E5C4A11E8871A40167EB4F57C'), 'ROLE_se muestra2');
INSERT INTO permiso (id_permiso, nombre) VALUES (UNHEX('1B868E3F5C4A11E8871A40167EB4F57C'), 'ROLE_consultar se muestra2');
INSERT INTO permiso (id_permiso, nombre) VALUES (UNHEX('1B8692155C4A11E8871A40167EB4F57C'), 'ROLE_crear se muestra2');
INSERT INTO permiso (id_permiso, nombre) VALUES (UNHEX('1B8695FD5C4A11E8871A40167EB4F57C'), 'ROLE_editar se muestra2');
INSERT INTO permiso (id_permiso, nombre) VALUES (UNHEX('1B869A2D5C4A11E8871A40167EB4F57C'), 'ROLE_eliminar se muestra2');
INSERT INTO permiso (id_permiso, nombre) VALUES (UNHEX('1B869E345C4A11E8871A40167EB4F57C'), 'ROLE_forma');
INSERT INTO permiso (id_permiso, nombre) VALUES (UNHEX('1B86A2085C4A11E8871A40167EB4F57C'), 'ROLE_consultar forma');
INSERT INTO permiso (id_permiso, nombre) VALUES (UNHEX('1B86A60E5C4A11E8871A40167EB4F57C'), 'ROLE_crear forma');
INSERT INTO permiso (id_permiso, nombre) VALUES (UNHEX('1B86A9EC5C4A11E8871A40167EB4F57C'), 'ROLE_editar forma');
INSERT INTO permiso (id_permiso, nombre) VALUES (UNHEX('1B86ADF65C4A11E8871A40167EB4F57C'), 'ROLE_eliminar forma');
INSERT INTO permiso (id_permiso, nombre) VALUES (UNHEX('1B86B1E15C4A11E8871A40167EB4F57C'), 'ROLE_curso');
INSERT INTO permiso (id_permiso, nombre) VALUES (UNHEX('1B86B5EC5C4A11E8871A40167EB4F57C'), 'ROLE_consultar curso');
INSERT INTO permiso (id_permiso, nombre) VALUES (UNHEX('1B86B9CD5C4A11E8871A40167EB4F57C'), 'ROLE_crear curso');
INSERT INTO permiso (id_permiso, nombre) VALUES (UNHEX('1B86C3735C4A11E8871A40167EB4F57C'), 'ROLE_editar curso');
INSERT INTO permiso (id_permiso, nombre) VALUES (UNHEX('1B86C9705C4A11E8871A40167EB4F57C'), 'ROLE_eliminar curso');
INSERT INTO permiso (id_permiso, nombre) VALUES (UNHEX('1B86D1395C4A11E8871A40167EB4F57C'), 'ROLE_memoria');
INSERT INTO permiso (id_permiso, nombre) VALUES (UNHEX('1B86D6965C4A11E8871A40167EB4F57C'), 'ROLE_consultar memoria');
INSERT INTO permiso (id_permiso, nombre) VALUES (UNHEX('1B86DB575C4A11E8871A40167EB4F57C'), 'ROLE_crear memoria');
INSERT INTO permiso (id_permiso, nombre) VALUES (UNHEX('1B86E59B5C4A11E8871A40167EB4F57C'), 'ROLE_editar memoria');
INSERT INTO permiso (id_permiso, nombre) VALUES (UNHEX('1B86EB1B5C4A11E8871A40167EB4F57C'), 'ROLE_eliminar memoria');
INSERT INTO permiso (id_permiso, nombre) VALUES (UNHEX('1B86EF885C4A11E8871A40167EB4F57C'), 'ROLE_alucinacion');
INSERT INTO permiso (id_permiso, nombre) VALUES (UNHEX('1B86F3335C4A11E8871A40167EB4F57C'), 'ROLE_consultar alucinacion');
INSERT INTO permiso (id_permiso, nombre) VALUES (UNHEX('1B86F7B25C4A11E8871A40167EB4F57C'), 'ROLE_crear alucinacion');
INSERT INTO permiso (id_permiso, nombre) VALUES (UNHEX('1B86FCAB5C4A11E8871A40167EB4F57C'), 'ROLE_editar alucinacion');
INSERT INTO permiso (id_permiso, nombre) VALUES (UNHEX('1B8701865C4A11E8871A40167EB4F57C'), 'ROLE_eliminar alucinacion');
INSERT INTO permiso (id_permiso, nombre) VALUES (UNHEX('1B8706425C4A11E8871A40167EB4F57C'), 'ROLE_fuerza muscular');
INSERT INTO permiso (id_permiso, nombre) VALUES (UNHEX('1B870B365C4A11E8871A40167EB4F57C'), 'ROLE_consultar fuerza muscular');
INSERT INTO permiso (id_permiso, nombre) VALUES (UNHEX('1B8719DC5C4A11E8871A40167EB4F57C'), 'ROLE_crear fuerza muscular');
INSERT INTO permiso (id_permiso, nombre) VALUES (UNHEX('1B8720485C4A11E8871A40167EB4F57C'), 'ROLE_editar fuerza muscular');
INSERT INTO permiso (id_permiso, nombre) VALUES (UNHEX('1B87226C5C4A11E8871A40167EB4F57C'), 'ROLE_eliminar fuerza muscular');
INSERT INTO permiso (id_permiso, nombre) VALUES (UNHEX('1B87243A5C4A11E8871A40167EB4F57C'), 'ROLE_movilidad');
INSERT INTO permiso (id_permiso, nombre) VALUES (UNHEX('1B8725A25C4A11E8871A40167EB4F57C'), 'ROLE_consultar movilidad');
INSERT INTO permiso (id_permiso, nombre) VALUES (UNHEX('1B8726DB5C4A11E8871A40167EB4F57C'), 'ROLE_crear movilidad');
INSERT INTO permiso (id_permiso, nombre) VALUES (UNHEX('1B8728105C4A11E8871A40167EB4F57C'), 'ROLE_editar movilidad');
INSERT INTO permiso (id_permiso, nombre) VALUES (UNHEX('1B8729FA5C4A11E8871A40167EB4F57C'), 'ROLE_eliminar movilidad');
INSERT INTO permiso (id_permiso, nombre) VALUES (UNHEX('1B872B375C4A11E8871A40167EB4F57C'), 'ROLE_marcha');
INSERT INTO permiso (id_permiso, nombre) VALUES (UNHEX('1B872C665C4A11E8871A40167EB4F57C'), 'ROLE_consultar marcha');
INSERT INTO permiso (id_permiso, nombre) VALUES (UNHEX('1B872D965C4A11E8871A40167EB4F57C'), 'ROLE_crear marcha');
INSERT INTO permiso (id_permiso, nombre) VALUES (UNHEX('1B872EC35C4A11E8871A40167EB4F57C'), 'ROLE_editar marcha');
INSERT INTO permiso (id_permiso, nombre) VALUES (UNHEX('1B872FED5C4A11E8871A40167EB4F57C'), 'ROLE_eliminar marcha');
INSERT INTO permiso (id_permiso, nombre) VALUES (UNHEX('1B8731155C4A11E8871A40167EB4F57C'), 'ROLE_humor');
INSERT INTO permiso (id_permiso, nombre) VALUES (UNHEX('1B87324A5C4A11E8871A40167EB4F57C'), 'ROLE_consultar humor');
INSERT INTO permiso (id_permiso, nombre) VALUES (UNHEX('1B8733CB5C4A11E8871A40167EB4F57C'), 'ROLE_crear humor');
INSERT INTO permiso (id_permiso, nombre) VALUES (UNHEX('1B8735575C4A11E8871A40167EB4F57C'), 'ROLE_editar humor');
INSERT INTO permiso (id_permiso, nombre) VALUES (UNHEX('1B8736935C4A11E8871A40167EB4F57C'), 'ROLE_eliminar humor');
INSERT INTO permiso (id_permiso, nombre) VALUES (UNHEX('1B8737C85C4A11E8871A40167EB4F57C'), 'ROLE_expresion facial1');
INSERT INTO permiso (id_permiso, nombre) VALUES (UNHEX('1B87391E5C4A11E8871A40167EB4F57C'), 'ROLE_consultar expresion facial1');
INSERT INTO permiso (id_permiso, nombre) VALUES (UNHEX('1B873AC05C4A11E8871A40167EB4F57C'), 'ROLE_crear expresion facial1');
INSERT INTO permiso (id_permiso, nombre) VALUES (UNHEX('1B873C025C4A11E8871A40167EB4F57C'), 'ROLE_editar expresion facial1');
INSERT INTO permiso (id_permiso, nombre) VALUES (UNHEX('1B873D2F5C4A11E8871A40167EB4F57C'), 'ROLE_eliminar expresion facial1');
INSERT INTO permiso (id_permiso, nombre) VALUES (UNHEX('1B873E5E5C4A11E8871A40167EB4F57C'), 'ROLE_expresion facial2');
INSERT INTO permiso (id_permiso, nombre) VALUES (UNHEX('1B873F8C5C4A11E8871A40167EB4F57C'), 'ROLE_consultar expresion facial2');
INSERT INTO permiso (id_permiso, nombre) VALUES (UNHEX('1B8740BB5C4A11E8871A40167EB4F57C'), 'ROLE_crear expresion facial2');
INSERT INTO permiso (id_permiso, nombre) VALUES (UNHEX('1B8741E85C4A11E8871A40167EB4F57C'), 'ROLE_editar expresion facial2');
INSERT INTO permiso (id_permiso, nombre) VALUES (UNHEX('1B8743105C4A11E8871A40167EB4F57C'), 'ROLE_eliminar expresion facial2');
INSERT INTO permiso (id_permiso, nombre) VALUES (UNHEX('B8FC5081650011E8B93A9840BB26612F'), 'ROLE_expresion facial3');
INSERT INTO permiso (id_permiso, nombre) VALUES (UNHEX('B8FC5D9C650011E8B93A9840BB26612F'), 'ROLE_consultar expresion facial3');
INSERT INTO permiso (id_permiso, nombre) VALUES (UNHEX('B8FC61AC650011E8B93A9840BB26612F'), 'ROLE_crear expresion facial3');
INSERT INTO permiso (id_permiso, nombre) VALUES (UNHEX('B8FC6564650011E8B93A9840BB26612F'), 'ROLE_editar expresion facial3');
INSERT INTO permiso (id_permiso, nombre) VALUES (UNHEX('B8FC96C2650011E8B93A9840BB26612F'), 'ROLE_eliminar expresion facial3');
INSERT INTO permiso (id_permiso, nombre) VALUES (UNHEX('56C00587650111E8B93A9840BB26612F'), 'ROLE_aseguradora');
INSERT INTO permiso (id_permiso, nombre) VALUES (UNHEX('56C01706650111E8B93A9840BB26612F'), 'ROLE_consultar aseguradora');
INSERT INTO permiso (id_permiso, nombre) VALUES (UNHEX('56C03010650111E8B93A9840BB26612F'), 'ROLE_crear aseguradora');
INSERT INTO permiso (id_permiso, nombre) VALUES (UNHEX('56C03903650111E8B93A9840BB26612F'), 'ROLE_editar aseguradora');
INSERT INTO permiso (id_permiso, nombre) VALUES (UNHEX('56C03F0B650111E8B93A9840BB26612F'), 'ROLE_eliminar aseguradora');
INSERT INTO permiso (id_permiso, nombre) VALUES (UNHEX('F5CA918D650211E8B93A9840BB26612F'), 'ROLE_aseguradora');
INSERT INTO permiso (id_permiso, nombre) VALUES (UNHEX('F5CA9682650211E8B93A9840BB26612F'), 'ROLE_consultar aseguradora');
INSERT INTO permiso (id_permiso, nombre) VALUES (UNHEX('F5CA9867650211E8B93A9840BB26612F'), 'ROLE_crear aseguradora');
INSERT INTO permiso (id_permiso, nombre) VALUES (UNHEX('F5CA9A01650211E8B93A9840BB26612F'), 'ROLE_editar aseguradora');
INSERT INTO permiso (id_permiso, nombre) VALUES (UNHEX('F5CA9B85650211E8B93A9840BB26612F'), 'ROLE_eliminar aseguradora');
INSERT INTO permiso (id_permiso, nombre) VALUES (UNHEX('8C0647D7650511E8B93A9840BB26612F'), 'ROLE_entidad');
INSERT INTO permiso (id_permiso, nombre) VALUES (UNHEX('8C064D1B650511E8B93A9840BB26612F'), 'ROLE_consultar entidad');
INSERT INTO permiso (id_permiso, nombre) VALUES (UNHEX('8C064EC8650511E8B93A9840BB26612F'), 'ROLE_crear entidad');
INSERT INTO permiso (id_permiso, nombre) VALUES (UNHEX('8C065030650511E8B93A9840BB26612F'), 'ROLE_editar entidad');
INSERT INTO permiso (id_permiso, nombre) VALUES (UNHEX('8C065197650511E8B93A9840BB26612F'), 'ROLE_eliminar entidad');

INSERT INTO rol_permiso (id_rol, id_permiso) VALUES (UNHEX('C79D8B3257AE11E8A87C40167EB4F57C'), UNHEX('5D26DD0957B311E8A87C40167EB4F57C'));
INSERT INTO rol_permiso (id_rol, id_permiso) VALUES (UNHEX('C79D8B3257AE11E8A87C40167EB4F57C'), UNHEX('5D289E0257B311E8A87C40167EB4F57C'));
INSERT INTO rol_permiso (id_rol, id_permiso) VALUES (UNHEX('C79D8B3257AE11E8A87C40167EB4F57C'), UNHEX('5D28A50857B311E8A87C40167EB4F57C'));
INSERT INTO rol_permiso (id_rol, id_permiso) VALUES (UNHEX('C79D8B3257AE11E8A87C40167EB4F57C'), UNHEX('5D28AB1D57B311E8A87C40167EB4F57C'));
INSERT INTO rol_permiso (id_rol, id_permiso) VALUES (UNHEX('C79D8B3257AE11E8A87C40167EB4F57C'), UNHEX('5D28B10157B311E8A87C40167EB4F57C'));
INSERT INTO rol_permiso (id_rol, id_permiso) VALUES (UNHEX('C79D8B3257AE11E8A87C40167EB4F57C'), UNHEX('5D28B6E257B311E8A87C40167EB4F57C'));
INSERT INTO rol_permiso (id_rol, id_permiso) VALUES (UNHEX('C79D8B3257AE11E8A87C40167EB4F57C'), UNHEX('5D28BCEA57B311E8A87C40167EB4F57C'));
INSERT INTO rol_permiso (id_rol, id_permiso) VALUES (UNHEX('C79D8B3257AE11E8A87C40167EB4F57C'), UNHEX('5D296A1157B311E8A87C40167EB4F57C'));
INSERT INTO rol_permiso (id_rol, id_permiso) VALUES (UNHEX('C79D8B3257AE11E8A87C40167EB4F57C'), UNHEX('5D29713E57B311E8A87C40167EB4F57C'));
INSERT INTO rol_permiso (id_rol, id_permiso) VALUES (UNHEX('C79D8B3257AE11E8A87C40167EB4F57C'), UNHEX('5D29773157B311E8A87C40167EB4F57C'));
INSERT INTO rol_permiso (id_rol, id_permiso) VALUES (UNHEX('C79D8B3257AE11E8A87C40167EB4F57C'), UNHEX('5D297D0D57B311E8A87C40167EB4F57C'));
INSERT INTO rol_permiso (id_rol, id_permiso) VALUES (UNHEX('C79D8B3257AE11E8A87C40167EB4F57C'), UNHEX('5D297DF357B311E8A87C40167EB4F57C'));
INSERT INTO rol_permiso (id_rol, id_permiso) VALUES (UNHEX('C79D8B3257AE11E8A87C40167EB4F57C'), UNHEX('5D297EBC57B311E8A87C40167EB4F57C'));
INSERT INTO rol_permiso (id_rol, id_permiso) VALUES (UNHEX('C79D8B3257AE11E8A87C40167EB4F57C'), UNHEX('5D297F9057B311E8A87C40167EB4F57C'));
INSERT INTO rol_permiso (id_rol, id_permiso) VALUES (UNHEX('C79D8B3257AE11E8A87C40167EB4F57C'), UNHEX('5D29805C57B311E8A87C40167EB4F57C'));
INSERT INTO rol_permiso (id_rol, id_permiso) VALUES (UNHEX('C79D8B3257AE11E8A87C40167EB4F57C'), UNHEX('5D29812857B311E8A87C40167EB4F57C'));
INSERT INTO rol_permiso (id_rol, id_permiso) VALUES (UNHEX('C79D8B3257AE11E8A87C40167EB4F57C'), UNHEX('5D2981F757B311E8A87C40167EB4F57C'));
INSERT INTO rol_permiso (id_rol, id_permiso) VALUES (UNHEX('C79D8B3257AE11E8A87C40167EB4F57C'), UNHEX('5D2982C657B311E8A87C40167EB4F57C'));
INSERT INTO rol_permiso (id_rol, id_permiso) VALUES (UNHEX('C79D8B3257AE11E8A87C40167EB4F57C'), UNHEX('5D29838D57B311E8A87C40167EB4F57C'));
INSERT INTO rol_permiso (id_rol, id_permiso) VALUES (UNHEX('C79D8B3257AE11E8A87C40167EB4F57C'), UNHEX('5D2B9EE957B311E8A87C40167EB4F57C'));
INSERT INTO rol_permiso (id_rol, id_permiso) VALUES (UNHEX('C79D8B3257AE11E8A87C40167EB4F57C'), UNHEX('5D2BA08E57B311E8A87C40167EB4F57C'));
INSERT INTO rol_permiso (id_rol, id_permiso) VALUES (UNHEX('C79D8B3257AE11E8A87C40167EB4F57C'), UNHEX('5D2BA1B857B311E8A87C40167EB4F57C'));
INSERT INTO rol_permiso (id_rol, id_permiso) VALUES (UNHEX('C79D8B3257AE11E8A87C40167EB4F57C'), UNHEX('5D2BA2E657B311E8A87C40167EB4F57C'));
INSERT INTO rol_permiso (id_rol, id_permiso) VALUES (UNHEX('C79D8B3257AE11E8A87C40167EB4F57C'), UNHEX('5D2BA3F157B311E8A87C40167EB4F57C'));
INSERT INTO rol_permiso (id_rol, id_permiso) VALUES (UNHEX('C79D8B3257AE11E8A87C40167EB4F57C'), UNHEX('5D2BA5D157B311E8A87C40167EB4F57C'));
INSERT INTO rol_permiso (id_rol, id_permiso) VALUES (UNHEX('C79D8B3257AE11E8A87C40167EB4F57C'), UNHEX('5D2BA72A57B311E8A87C40167EB4F57C'));
INSERT INTO rol_permiso (id_rol, id_permiso) VALUES (UNHEX('C79D8B3257AE11E8A87C40167EB4F57C'), UNHEX('5D2BA80D57B311E8A87C40167EB4F57C'));
INSERT INTO rol_permiso (id_rol, id_permiso) VALUES (UNHEX('C79D8B3257AE11E8A87C40167EB4F57C'), UNHEX('5D2BA8DE57B311E8A87C40167EB4F57C'));
INSERT INTO rol_permiso (id_rol, id_permiso) VALUES (UNHEX('C79D8B3257AE11E8A87C40167EB4F57C'), UNHEX('6769531058A411E8BCB640167EB4F57C'));
INSERT INTO rol_permiso (id_rol, id_permiso) VALUES (UNHEX('C79D8B3257AE11E8A87C40167EB4F57C'), UNHEX('676D426558A411E8BCB640167EB4F57C'));
INSERT INTO rol_permiso (id_rol, id_permiso) VALUES (UNHEX('C79D8B3257AE11E8A87C40167EB4F57C'), UNHEX('676D4DAD58A411E8BCB640167EB4F57C'));
INSERT INTO rol_permiso (id_rol, id_permiso) VALUES (UNHEX('C79D8B3257AE11E8A87C40167EB4F57C'), UNHEX('676D559758A411E8BCB640167EB4F57C'));
INSERT INTO rol_permiso (id_rol, id_permiso) VALUES (UNHEX('C79D8B3257AE11E8A87C40167EB4F57C'), UNHEX('676D5D6C58A411E8BCB640167EB4F57C'));
INSERT INTO rol_permiso (id_rol, id_permiso) VALUES (UNHEX('C79D8B3257AE11E8A87C40167EB4F57C'), UNHEX('BD83477E5A3611E8BCB640167EB4F57C'));
INSERT INTO rol_permiso (id_rol, id_permiso) VALUES (UNHEX('C79D8B3257AE11E8A87C40167EB4F57C'), UNHEX('BD84B6825A3611E8BCB640167EB4F57C'));
INSERT INTO rol_permiso (id_rol, id_permiso) VALUES (UNHEX('C79D8B3257AE11E8A87C40167EB4F57C'), UNHEX('BD933F425A3611E8BCB640167EB4F57C'));
INSERT INTO rol_permiso (id_rol, id_permiso) VALUES (UNHEX('C79D8B3257AE11E8A87C40167EB4F57C'), UNHEX('BD9501C65A3611E8BCB640167EB4F57C'));
INSERT INTO rol_permiso (id_rol, id_permiso) VALUES (UNHEX('C79D8B3257AE11E8A87C40167EB4F57C'), UNHEX('BD9DEA635A3611E8BCB640167EB4F57C'));
INSERT INTO rol_permiso (id_rol, id_permiso) VALUES (UNHEX('C79D8B3257AE11E8A87C40167EB4F57C'), UNHEX('2CE4B7AE5B0011E8BC7040167EB4F57C'));
INSERT INTO rol_permiso (id_rol, id_permiso) VALUES (UNHEX('C79D8B3257AE11E8A87C40167EB4F57C'), UNHEX('2CEBA8685B0011E8BC7040167EB4F57C'));
INSERT INTO rol_permiso (id_rol, id_permiso) VALUES (UNHEX('C79D8B3257AE11E8A87C40167EB4F57C'), UNHEX('2CEF93735B0011E8BC7040167EB4F57C'));
INSERT INTO rol_permiso (id_rol, id_permiso) VALUES (UNHEX('C79D8B3257AE11E8A87C40167EB4F57C'), UNHEX('2CEF9D265B0011E8BC7040167EB4F57C'));
INSERT INTO rol_permiso (id_rol, id_permiso) VALUES (UNHEX('C79D8B3257AE11E8A87C40167EB4F57C'), UNHEX('2CEFA5335B0011E8BC7040167EB4F57C'));
INSERT INTO rol_permiso (id_rol, id_permiso) VALUES (UNHEX('C79D8B3257AE11E8A87C40167EB4F57C'), UNHEX('2615BE145B7711E8A1EE40167EB4F57C'));
INSERT INTO rol_permiso (id_rol, id_permiso) VALUES (UNHEX('C79D8B3257AE11E8A87C40167EB4F57C'), UNHEX('261FF8195B7711E8A1EE40167EB4F57C'));
INSERT INTO rol_permiso (id_rol, id_permiso) VALUES (UNHEX('C79D8B3257AE11E8A87C40167EB4F57C'), UNHEX('262005115B7711E8A1EE40167EB4F57C'));
INSERT INTO rol_permiso (id_rol, id_permiso) VALUES (UNHEX('C79D8B3257AE11E8A87C40167EB4F57C'), UNHEX('26200EF45B7711E8A1EE40167EB4F57C'));
INSERT INTO rol_permiso (id_rol, id_permiso) VALUES (UNHEX('C79D8B3257AE11E8A87C40167EB4F57C'), UNHEX('2620187D5B7711E8A1EE40167EB4F57C'));
INSERT INTO rol_permiso (id_rol, id_permiso) VALUES (UNHEX('C79D8B3257AE11E8A87C40167EB4F57C'), UNHEX('28A88C9B5B8611E8A1EE40167EB4F57C'));
INSERT INTO rol_permiso (id_rol, id_permiso) VALUES (UNHEX('C79D8B3257AE11E8A87C40167EB4F57C'), UNHEX('28A874AB5B8611E8A1EE40167EB4F57C'));
INSERT INTO rol_permiso (id_rol, id_permiso) VALUES (UNHEX('C79D8B3257AE11E8A87C40167EB4F57C'), UNHEX('28A866065B8611E8A1EE40167EB4F57C'));
INSERT INTO rol_permiso (id_rol, id_permiso) VALUES (UNHEX('C79D8B3257AE11E8A87C40167EB4F57C'), UNHEX('289CF8645B8611E8A1EE40167EB4F57C'));
INSERT INTO rol_permiso (id_rol, id_permiso) VALUES (UNHEX('C79D8B3257AE11E8A87C40167EB4F57C'), UNHEX('286A5FFA5B8611E8A1EE40167EB4F57C'));
INSERT INTO rol_permiso (id_rol, id_permiso) VALUES (UNHEX('C79D8B3257AE11E8A87C40167EB4F57C'), UNHEX('EF6428305B8B11E8A1EE40167EB4F57C'));
INSERT INTO rol_permiso (id_rol, id_permiso) VALUES (UNHEX('C79D8B3257AE11E8A87C40167EB4F57C'), UNHEX('EF6426DD5B8B11E8A1EE40167EB4F57C'));
INSERT INTO rol_permiso (id_rol, id_permiso) VALUES (UNHEX('C79D8B3257AE11E8A87C40167EB4F57C'), UNHEX('EF6425825B8B11E8A1EE40167EB4F57C'));
INSERT INTO rol_permiso (id_rol, id_permiso) VALUES (UNHEX('C79D8B3257AE11E8A87C40167EB4F57C'), UNHEX('EF6424105B8B11E8A1EE40167EB4F57C'));
INSERT INTO rol_permiso (id_rol, id_permiso) VALUES (UNHEX('C79D8B3257AE11E8A87C40167EB4F57C'), UNHEX('EF6420255B8B11E8A1EE40167EB4F57C'));
INSERT INTO rol_permiso (id_rol, id_permiso) VALUES (UNHEX('C79D8B3257AE11E8A87C40167EB4F57C'), UNHEX('1B7D51B25C4A11E8871A40167EB4F57C'));
INSERT INTO rol_permiso (id_rol, id_permiso) VALUES (UNHEX('C79D8B3257AE11E8A87C40167EB4F57C'), UNHEX('1B8676D85C4A11E8871A40167EB4F57C')); 
INSERT INTO rol_permiso (id_rol, id_permiso) VALUES (UNHEX('C79D8B3257AE11E8A87C40167EB4F57C'), UNHEX('1B867E0A5C4A11E8871A40167EB4F57C')); 
INSERT INTO rol_permiso (id_rol, id_permiso) VALUES (UNHEX('C79D8B3257AE11E8A87C40167EB4F57C'), UNHEX('1B8682895C4A11E8871A40167EB4F57C')); 
INSERT INTO rol_permiso (id_rol, id_permiso) VALUES (UNHEX('C79D8B3257AE11E8A87C40167EB4F57C'), UNHEX('1B8686795C4A11E8871A40167EB4F57C')); 
INSERT INTO rol_permiso (id_rol, id_permiso) VALUES (UNHEX('C79D8B3257AE11E8A87C40167EB4F57C'), UNHEX('1B868A5E5C4A11E8871A40167EB4F57C'));
INSERT INTO rol_permiso (id_rol, id_permiso) VALUES (UNHEX('C79D8B3257AE11E8A87C40167EB4F57C'), UNHEX('1B868E3F5C4A11E8871A40167EB4F57C')); 
INSERT INTO rol_permiso (id_rol, id_permiso) VALUES (UNHEX('C79D8B3257AE11E8A87C40167EB4F57C'), UNHEX('1B8692155C4A11E8871A40167EB4F57C')); 
INSERT INTO rol_permiso (id_rol, id_permiso) VALUES (UNHEX('C79D8B3257AE11E8A87C40167EB4F57C'), UNHEX('1B8695FD5C4A11E8871A40167EB4F57C')); 
INSERT INTO rol_permiso (id_rol, id_permiso) VALUES (UNHEX('C79D8B3257AE11E8A87C40167EB4F57C'), UNHEX('1B869A2D5C4A11E8871A40167EB4F57C')); 
INSERT INTO rol_permiso (id_rol, id_permiso) VALUES (UNHEX('C79D8B3257AE11E8A87C40167EB4F57C'), UNHEX('1B869E345C4A11E8871A40167EB4F57C'));
INSERT INTO rol_permiso (id_rol, id_permiso) VALUES (UNHEX('C79D8B3257AE11E8A87C40167EB4F57C'), UNHEX('1B86A2085C4A11E8871A40167EB4F57C')); 
INSERT INTO rol_permiso (id_rol, id_permiso) VALUES (UNHEX('C79D8B3257AE11E8A87C40167EB4F57C'), UNHEX('1B86A60E5C4A11E8871A40167EB4F57C')); 
INSERT INTO rol_permiso (id_rol, id_permiso) VALUES (UNHEX('C79D8B3257AE11E8A87C40167EB4F57C'), UNHEX('1B86A9EC5C4A11E8871A40167EB4F57C')); 
INSERT INTO rol_permiso (id_rol, id_permiso) VALUES (UNHEX('C79D8B3257AE11E8A87C40167EB4F57C'), UNHEX('1B86ADF65C4A11E8871A40167EB4F57C')); 
INSERT INTO rol_permiso (id_rol, id_permiso) VALUES (UNHEX('C79D8B3257AE11E8A87C40167EB4F57C'), UNHEX('1B86B1E15C4A11E8871A40167EB4F57C'));
INSERT INTO rol_permiso (id_rol, id_permiso) VALUES (UNHEX('C79D8B3257AE11E8A87C40167EB4F57C'), UNHEX('1B86B5EC5C4A11E8871A40167EB4F57C')); 
INSERT INTO rol_permiso (id_rol, id_permiso) VALUES (UNHEX('C79D8B3257AE11E8A87C40167EB4F57C'), UNHEX('1B86B9CD5C4A11E8871A40167EB4F57C')); 
INSERT INTO rol_permiso (id_rol, id_permiso) VALUES (UNHEX('C79D8B3257AE11E8A87C40167EB4F57C'), UNHEX('1B86C3735C4A11E8871A40167EB4F57C')); 
INSERT INTO rol_permiso (id_rol, id_permiso) VALUES (UNHEX('C79D8B3257AE11E8A87C40167EB4F57C'), UNHEX('1B86C9705C4A11E8871A40167EB4F57C')); 
INSERT INTO rol_permiso (id_rol, id_permiso) VALUES (UNHEX('C79D8B3257AE11E8A87C40167EB4F57C'), UNHEX('1B86D1395C4A11E8871A40167EB4F57C'));
INSERT INTO rol_permiso (id_rol, id_permiso) VALUES (UNHEX('C79D8B3257AE11E8A87C40167EB4F57C'), UNHEX('1B86D6965C4A11E8871A40167EB4F57C')); 
INSERT INTO rol_permiso (id_rol, id_permiso) VALUES (UNHEX('C79D8B3257AE11E8A87C40167EB4F57C'), UNHEX('1B86DB575C4A11E8871A40167EB4F57C')); 
INSERT INTO rol_permiso (id_rol, id_permiso) VALUES (UNHEX('C79D8B3257AE11E8A87C40167EB4F57C'), UNHEX('1B86E59B5C4A11E8871A40167EB4F57C')); 
INSERT INTO rol_permiso (id_rol, id_permiso) VALUES (UNHEX('C79D8B3257AE11E8A87C40167EB4F57C'), UNHEX('1B86EB1B5C4A11E8871A40167EB4F57C')); 
INSERT INTO rol_permiso (id_rol, id_permiso) VALUES (UNHEX('C79D8B3257AE11E8A87C40167EB4F57C'), UNHEX('1B86EF885C4A11E8871A40167EB4F57C'));
INSERT INTO rol_permiso (id_rol, id_permiso) VALUES (UNHEX('C79D8B3257AE11E8A87C40167EB4F57C'), UNHEX('1B86F3335C4A11E8871A40167EB4F57C')); 
INSERT INTO rol_permiso (id_rol, id_permiso) VALUES (UNHEX('C79D8B3257AE11E8A87C40167EB4F57C'), UNHEX('1B86F7B25C4A11E8871A40167EB4F57C')); 
INSERT INTO rol_permiso (id_rol, id_permiso) VALUES (UNHEX('C79D8B3257AE11E8A87C40167EB4F57C'), UNHEX('1B86FCAB5C4A11E8871A40167EB4F57C')); 
INSERT INTO rol_permiso (id_rol, id_permiso) VALUES (UNHEX('C79D8B3257AE11E8A87C40167EB4F57C'), UNHEX('1B8701865C4A11E8871A40167EB4F57C')); 
INSERT INTO rol_permiso (id_rol, id_permiso) VALUES (UNHEX('C79D8B3257AE11E8A87C40167EB4F57C'), UNHEX('1B8706425C4A11E8871A40167EB4F57C'));
INSERT INTO rol_permiso (id_rol, id_permiso) VALUES (UNHEX('C79D8B3257AE11E8A87C40167EB4F57C'), UNHEX('1B870B365C4A11E8871A40167EB4F57C')); 
INSERT INTO rol_permiso (id_rol, id_permiso) VALUES (UNHEX('C79D8B3257AE11E8A87C40167EB4F57C'), UNHEX('1B8719DC5C4A11E8871A40167EB4F57C')); 
INSERT INTO rol_permiso (id_rol, id_permiso) VALUES (UNHEX('C79D8B3257AE11E8A87C40167EB4F57C'), UNHEX('1B8720485C4A11E8871A40167EB4F57C')); 
INSERT INTO rol_permiso (id_rol, id_permiso) VALUES (UNHEX('C79D8B3257AE11E8A87C40167EB4F57C'), UNHEX('1B87226C5C4A11E8871A40167EB4F57C')); 
INSERT INTO rol_permiso (id_rol, id_permiso) VALUES (UNHEX('C79D8B3257AE11E8A87C40167EB4F57C'), UNHEX('1B87243A5C4A11E8871A40167EB4F57C'));
INSERT INTO rol_permiso (id_rol, id_permiso) VALUES (UNHEX('C79D8B3257AE11E8A87C40167EB4F57C'), UNHEX('1B8725A25C4A11E8871A40167EB4F57C')); 
INSERT INTO rol_permiso (id_rol, id_permiso) VALUES (UNHEX('C79D8B3257AE11E8A87C40167EB4F57C'), UNHEX('1B8726DB5C4A11E8871A40167EB4F57C')); 
INSERT INTO rol_permiso (id_rol, id_permiso) VALUES (UNHEX('C79D8B3257AE11E8A87C40167EB4F57C'), UNHEX('1B8728105C4A11E8871A40167EB4F57C')); 
INSERT INTO rol_permiso (id_rol, id_permiso) VALUES (UNHEX('C79D8B3257AE11E8A87C40167EB4F57C'), UNHEX('1B8729FA5C4A11E8871A40167EB4F57C')); 
INSERT INTO rol_permiso (id_rol, id_permiso) VALUES (UNHEX('C79D8B3257AE11E8A87C40167EB4F57C'), UNHEX('1B872B375C4A11E8871A40167EB4F57C'));
INSERT INTO rol_permiso (id_rol, id_permiso) VALUES (UNHEX('C79D8B3257AE11E8A87C40167EB4F57C'), UNHEX('1B872C665C4A11E8871A40167EB4F57C')); 
INSERT INTO rol_permiso (id_rol, id_permiso) VALUES (UNHEX('C79D8B3257AE11E8A87C40167EB4F57C'), UNHEX('1B872D965C4A11E8871A40167EB4F57C')); 
INSERT INTO rol_permiso (id_rol, id_permiso) VALUES (UNHEX('C79D8B3257AE11E8A87C40167EB4F57C'), UNHEX('1B872EC35C4A11E8871A40167EB4F57C')); 
INSERT INTO rol_permiso (id_rol, id_permiso) VALUES (UNHEX('C79D8B3257AE11E8A87C40167EB4F57C'), UNHEX('1B872FED5C4A11E8871A40167EB4F57C')); 
INSERT INTO rol_permiso (id_rol, id_permiso) VALUES (UNHEX('C79D8B3257AE11E8A87C40167EB4F57C'), UNHEX('1B8731155C4A11E8871A40167EB4F57C'));
INSERT INTO rol_permiso (id_rol, id_permiso) VALUES (UNHEX('C79D8B3257AE11E8A87C40167EB4F57C'), UNHEX('1B87324A5C4A11E8871A40167EB4F57C')); 
INSERT INTO rol_permiso (id_rol, id_permiso) VALUES (UNHEX('C79D8B3257AE11E8A87C40167EB4F57C'), UNHEX('1B8733CB5C4A11E8871A40167EB4F57C')); 
INSERT INTO rol_permiso (id_rol, id_permiso) VALUES (UNHEX('C79D8B3257AE11E8A87C40167EB4F57C'), UNHEX('1B8735575C4A11E8871A40167EB4F57C')); 
INSERT INTO rol_permiso (id_rol, id_permiso) VALUES (UNHEX('C79D8B3257AE11E8A87C40167EB4F57C'), UNHEX('1B8736935C4A11E8871A40167EB4F57C')); 
INSERT INTO rol_permiso (id_rol, id_permiso) VALUES (UNHEX('C79D8B3257AE11E8A87C40167EB4F57C'), UNHEX('1B8737C85C4A11E8871A40167EB4F57C'));
INSERT INTO rol_permiso (id_rol, id_permiso) VALUES (UNHEX('C79D8B3257AE11E8A87C40167EB4F57C'), UNHEX('1B87391E5C4A11E8871A40167EB4F57C')); 
INSERT INTO rol_permiso (id_rol, id_permiso) VALUES (UNHEX('C79D8B3257AE11E8A87C40167EB4F57C'), UNHEX('1B873AC05C4A11E8871A40167EB4F57C')); 
INSERT INTO rol_permiso (id_rol, id_permiso) VALUES (UNHEX('C79D8B3257AE11E8A87C40167EB4F57C'), UNHEX('1B873C025C4A11E8871A40167EB4F57C')); 
INSERT INTO rol_permiso (id_rol, id_permiso) VALUES (UNHEX('C79D8B3257AE11E8A87C40167EB4F57C'), UNHEX('1B873D2F5C4A11E8871A40167EB4F57C')); 
INSERT INTO rol_permiso (id_rol, id_permiso) VALUES (UNHEX('C79D8B3257AE11E8A87C40167EB4F57C'), UNHEX('1B873E5E5C4A11E8871A40167EB4F57C'));
INSERT INTO rol_permiso (id_rol, id_permiso) VALUES (UNHEX('C79D8B3257AE11E8A87C40167EB4F57C'), UNHEX('1B873F8C5C4A11E8871A40167EB4F57C')); 
INSERT INTO rol_permiso (id_rol, id_permiso) VALUES (UNHEX('C79D8B3257AE11E8A87C40167EB4F57C'), UNHEX('1B8740BB5C4A11E8871A40167EB4F57C')); 
INSERT INTO rol_permiso (id_rol, id_permiso) VALUES (UNHEX('C79D8B3257AE11E8A87C40167EB4F57C'), UNHEX('1B8741E85C4A11E8871A40167EB4F57C')); 
INSERT INTO rol_permiso (id_rol, id_permiso) VALUES (UNHEX('C79D8B3257AE11E8A87C40167EB4F57C'), UNHEX('1B8743105C4A11E8871A40167EB4F57C')); 
INSERT INTO rol_permiso (id_rol, id_permiso) VALUES (UNHEX('C79D8B3257AE11E8A87C40167EB4F57C'), UNHEX('B8FC5081650011E8B93A9840BB26612F'));
INSERT INTO rol_permiso (id_rol, id_permiso) VALUES (UNHEX('C79D8B3257AE11E8A87C40167EB4F57C'), UNHEX('B8FC5D9C650011E8B93A9840BB26612F')); 
INSERT INTO rol_permiso (id_rol, id_permiso) VALUES (UNHEX('C79D8B3257AE11E8A87C40167EB4F57C'), UNHEX('B8FC61AC650011E8B93A9840BB26612F')); 
INSERT INTO rol_permiso (id_rol, id_permiso) VALUES (UNHEX('C79D8B3257AE11E8A87C40167EB4F57C'), UNHEX('B8FC6564650011E8B93A9840BB26612F')); 
INSERT INTO rol_permiso (id_rol, id_permiso) VALUES (UNHEX('C79D8B3257AE11E8A87C40167EB4F57C'), UNHEX('B8FC96C2650011E8B93A9840BB26612F'));
INSERT INTO rol_permiso (id_rol, id_permiso) VALUES (UNHEX('C79D8B3257AE11E8A87C40167EB4F57C'), UNHEX('56C00587650111E8B93A9840BB26612F'));
INSERT INTO rol_permiso (id_rol, id_permiso) VALUES (UNHEX('C79D8B3257AE11E8A87C40167EB4F57C'), UNHEX('56C01706650111E8B93A9840BB26612F')); 
INSERT INTO rol_permiso (id_rol, id_permiso) VALUES (UNHEX('C79D8B3257AE11E8A87C40167EB4F57C'), UNHEX('56C03010650111E8B93A9840BB26612F')); 
INSERT INTO rol_permiso (id_rol, id_permiso) VALUES (UNHEX('C79D8B3257AE11E8A87C40167EB4F57C'), UNHEX('56C03903650111E8B93A9840BB26612F')); 
INSERT INTO rol_permiso (id_rol, id_permiso) VALUES (UNHEX('C79D8B3257AE11E8A87C40167EB4F57C'), UNHEX('56C03F0B650111E8B93A9840BB26612F'));
INSERT INTO rol_permiso (id_rol, id_permiso) VALUES (UNHEX('C79D8B3257AE11E8A87C40167EB4F57C'), UNHEX('F5CA918D650211E8B93A9840BB26612F'));
INSERT INTO rol_permiso (id_rol, id_permiso) VALUES (UNHEX('C79D8B3257AE11E8A87C40167EB4F57C'), UNHEX('F5CA9682650211E8B93A9840BB26612F')); 
INSERT INTO rol_permiso (id_rol, id_permiso) VALUES (UNHEX('C79D8B3257AE11E8A87C40167EB4F57C'), UNHEX('F5CA9867650211E8B93A9840BB26612F')); 
INSERT INTO rol_permiso (id_rol, id_permiso) VALUES (UNHEX('C79D8B3257AE11E8A87C40167EB4F57C'), UNHEX('F5CA9A01650211E8B93A9840BB26612F')); 
INSERT INTO rol_permiso (id_rol, id_permiso) VALUES (UNHEX('C79D8B3257AE11E8A87C40167EB4F57C'), UNHEX('F5CA9B85650211E8B93A9840BB26612F'));
INSERT INTO rol_permiso (id_rol, id_permiso) VALUES (UNHEX('C79D8B3257AE11E8A87C40167EB4F57C'), UNHEX('8C0647D7650511E8B93A9840BB26612F'));
INSERT INTO rol_permiso (id_rol, id_permiso) VALUES (UNHEX('C79D8B3257AE11E8A87C40167EB4F57C'), UNHEX('8C064D1B650511E8B93A9840BB26612F')); 
INSERT INTO rol_permiso (id_rol, id_permiso) VALUES (UNHEX('C79D8B3257AE11E8A87C40167EB4F57C'), UNHEX('8C064EC8650511E8B93A9840BB26612F')); 
INSERT INTO rol_permiso (id_rol, id_permiso) VALUES (UNHEX('C79D8B3257AE11E8A87C40167EB4F57C'), UNHEX('8C065030650511E8B93A9840BB26612F')); 
INSERT INTO rol_permiso (id_rol, id_permiso) VALUES (UNHEX('C79D8B3257AE11E8A87C40167EB4F57C'), UNHEX('8C065197650511E8B93A9840BB26612F')); 

INSERT INTO opcion (id_opcion, nombre) VALUES (UNHEX('D86B928757B211E8A87C40167EB4F57C'), 'X');
INSERT INTO opcion (id_opcion, nombre) VALUES (UNHEX('D86DC76F57B211E8A87C40167EB4F57C'), 'SI');
INSERT INTO opcion (id_opcion, nombre) VALUES (UNHEX('D86DD3FB57B211E8A87C40167EB4F57C'), 'NO');

INSERT INTO sede (id_sede, nombre) VALUES (UNHEX('D86DDDE857B211E8A87C40167EB4F57C'), 'SEDE 82');
INSERT INTO sede (id_sede, nombre) VALUES (UNHEX('D86DE51057B211E8A87C40167EB4F57C'), 'PITAL DE MEGUA');
INSERT INTO sede (id_sede, nombre) VALUES (UNHEX('D86DEBC557B211E8A87C40167EB4F57C'), 'CENTRO DE VIDA');
INSERT INTO sede (id_sede, nombre) VALUES (UNHEX('D86DF37C57B211E8A87C40167EB4F57C'), 'SANTA MARTA');

INSERT INTO estado_civil (id_estado_civil, nombre) VALUES (UNHEX('62795C5357CF11E8A87C40167EB4F57C'), 'SOLTERO (A)');
INSERT INTO estado_civil (id_estado_civil, nombre) VALUES (UNHEX('6279616657CF11E8A87C40167EB4F57C'), 'CASADO (A)');
INSERT INTO estado_civil (id_estado_civil, nombre) VALUES (UNHEX('6279642657CF11E8A87C40167EB4F57C'), 'UNIÓN LIBRE');
INSERT INTO estado_civil (id_estado_civil, nombre) VALUES (UNHEX('6279656257CF11E8A87C40167EB4F57C'), 'VIUDO (A)');
INSERT INTO estado_civil (id_estado_civil, nombre) VALUES (UNHEX('6279668557CF11E8A87C40167EB4F57C'), 'SEPARADO (A)');

INSERT INTO cama (id_cama, nombre) VALUES (UNHEX('E8F108C957CF11E8A87C40167EB4F57C'), '1');
INSERT INTO cama (id_cama, nombre) VALUES (UNHEX('E8F10CE457CF11E8A87C40167EB4F57C'), '2');
INSERT INTO cama (id_cama, nombre) VALUES (UNHEX('E8FA7E4657CF11E8A87C40167EB4F57C'), '3');
INSERT INTO cama (id_cama, nombre) VALUES (UNHEX('E8FA7F6657CF11E8A87C40167EB4F57C'), '4');
INSERT INTO cama (id_cama, nombre) VALUES (UNHEX('E8FA806D57CF11E8A87C40167EB4F57C'), '5');
INSERT INTO cama (id_cama, nombre) VALUES (UNHEX('E8FA814B57CF11E8A87C40167EB4F57C'), '6');
INSERT INTO cama (id_cama, nombre) VALUES (UNHEX('E8FA822157CF11E8A87C40167EB4F57C'), '7');
INSERT INTO cama (id_cama, nombre) VALUES (UNHEX('E8FA82F357CF11E8A87C40167EB4F57C'), '8');
INSERT INTO cama (id_cama, nombre) VALUES (UNHEX('E8FA83D157CF11E8A87C40167EB4F57C'), '9');
INSERT INTO cama (id_cama, nombre) VALUES (UNHEX('E8FA84A257CF11E8A87C40167EB4F57C'), '10');
INSERT INTO cama (id_cama, nombre) VALUES (UNHEX('E8FA856B57CF11E8A87C40167EB4F57C'), '11');
INSERT INTO cama (id_cama, nombre) VALUES (UNHEX('E8FA863A57CF11E8A87C40167EB4F57C'), '12');
INSERT INTO cama (id_cama, nombre) VALUES (UNHEX('E8FA871857CF11E8A87C40167EB4F57C'), '13');
INSERT INTO cama (id_cama, nombre) VALUES (UNHEX('E8FA87E257CF11E8A87C40167EB4F57C'), '14');
INSERT INTO cama (id_cama, nombre) VALUES (UNHEX('E8FA88F057CF11E8A87C40167EB4F57C'), '15');
INSERT INTO cama (id_cama, nombre) VALUES (UNHEX('E8FA89BA57CF11E8A87C40167EB4F57C'), '16');
INSERT INTO cama (id_cama, nombre) VALUES (UNHEX('E8FA8A8157CF11E8A87C40167EB4F57C'), '17');
INSERT INTO cama (id_cama, nombre) VALUES (UNHEX('E8FA8B4A57CF11E8A87C40167EB4F57C'), '18');
INSERT INTO cama (id_cama, nombre) VALUES (UNHEX('E8FA8C1957CF11E8A87C40167EB4F57C'), '19');
INSERT INTO cama (id_cama, nombre) VALUES (UNHEX('E8FA8D8357CF11E8A87C40167EB4F57C'), '20');
INSERT INTO cama (id_cama, nombre) VALUES (UNHEX('E8FA8E4D57CF11E8A87C40167EB4F57C'), '21');
INSERT INTO cama (id_cama, nombre) VALUES (UNHEX('E8FA8F1957CF11E8A87C40167EB4F57C'), '22');
INSERT INTO cama (id_cama, nombre) VALUES (UNHEX('E8FA8FDD57CF11E8A87C40167EB4F57C'), '23');
INSERT INTO cama (id_cama, nombre) VALUES (UNHEX('E8FA90A457CF11E8A87C40167EB4F57C'), '24');
INSERT INTO cama (id_cama, nombre) VALUES (UNHEX('E8FA916B57CF11E8A87C40167EB4F57C'), '25');
INSERT INTO cama (id_cama, nombre) VALUES (UNHEX('E8FA923057CF11E8A87C40167EB4F57C'), '26');
INSERT INTO cama (id_cama, nombre) VALUES (UNHEX('E8FA92F457CF11E8A87C40167EB4F57C'), '27');
INSERT INTO cama (id_cama, nombre) VALUES (UNHEX('E8FA93BB57CF11E8A87C40167EB4F57C'), '28');
INSERT INTO cama (id_cama, nombre) VALUES (UNHEX('E8FA948257CF11E8A87C40167EB4F57C'), '29');
INSERT INTO cama (id_cama, nombre) VALUES (UNHEX('E8FA954957CF11E8A87C40167EB4F57C'), '30');
INSERT INTO cama (id_cama, nombre) VALUES (UNHEX('E8FA960E57CF11E8A87C40167EB4F57C'), '31');
INSERT INTO cama (id_cama, nombre) VALUES (UNHEX('E8FA96D557CF11E8A87C40167EB4F57C'), '32');
INSERT INTO cama (id_cama, nombre) VALUES (UNHEX('E8FA979E57CF11E8A87C40167EB4F57C'), '33');
INSERT INTO cama (id_cama, nombre) VALUES (UNHEX('E8FA986357CF11E8A87C40167EB4F57C'), '34');
INSERT INTO cama (id_cama, nombre) VALUES (UNHEX('E8FA992257CF11E8A87C40167EB4F57C'), '35');
INSERT INTO cama (id_cama, nombre) VALUES (UNHEX('E8FA99DF57CF11E8A87C40167EB4F57C'), '36');
INSERT INTO cama (id_cama, nombre) VALUES (UNHEX('E8FA9A9E57CF11E8A87C40167EB4F57C'), '37');
INSERT INTO cama (id_cama, nombre) VALUES (UNHEX('E8FA9B5B57CF11E8A87C40167EB4F57C'), '38');
INSERT INTO cama (id_cama, nombre) VALUES (UNHEX('E8FA9C1857CF11E8A87C40167EB4F57C'), '39');
INSERT INTO cama (id_cama, nombre) VALUES (UNHEX('E8FA9D3357CF11E8A87C40167EB4F57C'), '40');
INSERT INTO cama (id_cama, nombre) VALUES (UNHEX('E8FA9DF557CF11E8A87C40167EB4F57C'), '41');
INSERT INTO cama (id_cama, nombre) VALUES (UNHEX('E8FA9EB457CF11E8A87C40167EB4F57C'), '42');
INSERT INTO cama (id_cama, nombre) VALUES (UNHEX('E8FA9F7157CF11E8A87C40167EB4F57C'), '43');
INSERT INTO cama (id_cama, nombre) VALUES (UNHEX('E8FAA02E57CF11E8A87C40167EB4F57C'), '44');
INSERT INTO cama (id_cama, nombre) VALUES (UNHEX('E8FAA0F057CF11E8A87C40167EB4F57C'), '45');
INSERT INTO cama (id_cama, nombre) VALUES (UNHEX('E8FAA1AD57CF11E8A87C40167EB4F57C'), '46');
INSERT INTO cama (id_cama, nombre) VALUES (UNHEX('E8FAA26C57CF11E8A87C40167EB4F57C'), '47');
INSERT INTO cama (id_cama, nombre) VALUES (UNHEX('E8FAA32C57CF11E8A87C40167EB4F57C'), '48');
INSERT INTO cama (id_cama, nombre) VALUES (UNHEX('E8FAA3E857CF11E8A87C40167EB4F57C'), '49');
INSERT INTO cama (id_cama, nombre) VALUES (UNHEX('E8FAA4A557CF11E8A87C40167EB4F57C'), '50');
INSERT INTO cama (id_cama, nombre) VALUES (UNHEX('E8FAA55F57CF11E8A87C40167EB4F57C'), '51');
INSERT INTO cama (id_cama, nombre) VALUES (UNHEX('E8FAA61C57CF11E8A87C40167EB4F57C'), '52');
INSERT INTO cama (id_cama, nombre) VALUES (UNHEX('E8FAA6DE57CF11E8A87C40167EB4F57C'), '53');
INSERT INTO cama (id_cama, nombre) VALUES (UNHEX('E8FAA7EA57CF11E8A87C40167EB4F57C'), '54');
INSERT INTO cama (id_cama, nombre) VALUES (UNHEX('E8FAA8A757CF11E8A87C40167EB4F57C'), '55');
INSERT INTO cama (id_cama, nombre) VALUES (UNHEX('E8FAA96457CF11E8A87C40167EB4F57C'), '56');
INSERT INTO cama (id_cama, nombre) VALUES (UNHEX('E8FAAA2057CF11E8A87C40167EB4F57C'), '57');
INSERT INTO cama (id_cama, nombre) VALUES (UNHEX('E8FAAADB57CF11E8A87C40167EB4F57C'), '58');
INSERT INTO cama (id_cama, nombre) VALUES (UNHEX('E8FAAB9857CF11E8A87C40167EB4F57C'), '59');
INSERT INTO cama (id_cama, nombre) VALUES (UNHEX('E8FAAC5257CF11E8A87C40167EB4F57C'), '60');
INSERT INTO cama (id_cama, nombre) VALUES (UNHEX('E8FAAD7757CF11E8A87C40167EB4F57C'), '61');
INSERT INTO cama (id_cama, nombre) VALUES (UNHEX('E8FAAE3757CF11E8A87C40167EB4F57C'), '62');
INSERT INTO cama (id_cama, nombre) VALUES (UNHEX('E8FAAEF357CF11E8A87C40167EB4F57C'), '63');
INSERT INTO cama (id_cama, nombre) VALUES (UNHEX('E8FAAFB357CF11E8A87C40167EB4F57C'), '64');
INSERT INTO cama (id_cama, nombre) VALUES (UNHEX('E8FAB07057CF11E8A87C40167EB4F57C'), '65');
INSERT INTO cama (id_cama, nombre) VALUES (UNHEX('E8FAB12F57CF11E8A87C40167EB4F57C'), '66');
INSERT INTO cama (id_cama, nombre) VALUES (UNHEX('E8FAB1E957CF11E8A87C40167EB4F57C'), '67');
INSERT INTO cama (id_cama, nombre) VALUES (UNHEX('E8FAB2A657CF11E8A87C40167EB4F57C'), '68');
INSERT INTO cama (id_cama, nombre) VALUES (UNHEX('E8FAB36557CF11E8A87C40167EB4F57C'), '69');
INSERT INTO cama (id_cama, nombre) VALUES (UNHEX('E8FAB42057CF11E8A87C40167EB4F57C'), '70');
INSERT INTO cama (id_cama, nombre) VALUES (UNHEX('E8FAB4DC57CF11E8A87C40167EB4F57C'), '71');
INSERT INTO cama (id_cama, nombre) VALUES (UNHEX('E8FAB59757CF11E8A87C40167EB4F57C'), '72');
INSERT INTO cama (id_cama, nombre) VALUES (UNHEX('E8FAB65457CF11E8A87C40167EB4F57C'), '73');
INSERT INTO cama (id_cama, nombre) VALUES (UNHEX('E8FAB71057CF11E8A87C40167EB4F57C'), '74');
INSERT INTO cama (id_cama, nombre) VALUES (UNHEX('E8FAB7CB57CF11E8A87C40167EB4F57C'), '75');
INSERT INTO cama (id_cama, nombre) VALUES (UNHEX('E8FAB88757CF11E8A87C40167EB4F57C'), '76');
INSERT INTO cama (id_cama, nombre) VALUES (UNHEX('E8FAB94457CF11E8A87C40167EB4F57C'), '77');
INSERT INTO cama (id_cama, nombre) VALUES (UNHEX('E8FAB9FE57CF11E8A87C40167EB4F57C'), '78');
INSERT INTO cama (id_cama, nombre) VALUES (UNHEX('E8FABAB957CF11E8A87C40167EB4F57C'), '79');
INSERT INTO cama (id_cama, nombre) VALUES (UNHEX('E8FABB7357CF11E8A87C40167EB4F57C'), '80');
INSERT INTO cama (id_cama, nombre) VALUES (UNHEX('E8FABC3057CF11E8A87C40167EB4F57C'), '81');
INSERT INTO cama (id_cama, nombre) VALUES (UNHEX('E8FABCED57CF11E8A87C40167EB4F57C'), '82');
INSERT INTO cama (id_cama, nombre) VALUES (UNHEX('E8FABDA957CF11E8A87C40167EB4F57C'), '83');
INSERT INTO cama (id_cama, nombre) VALUES (UNHEX('E8FABEDC57CF11E8A87C40167EB4F57C'), '84');
INSERT INTO cama (id_cama, nombre) VALUES (UNHEX('E8FABF9B57CF11E8A87C40167EB4F57C'), '85');
INSERT INTO cama (id_cama, nombre) VALUES (UNHEX('E8FAC05857CF11E8A87C40167EB4F57C'), '86');
INSERT INTO cama (id_cama, nombre) VALUES (UNHEX('E8FAC11257CF11E8A87C40167EB4F57C'), '87');
INSERT INTO cama (id_cama, nombre) VALUES (UNHEX('E8FAC1CC57CF11E8A87C40167EB4F57C'), '88');
INSERT INTO cama (id_cama, nombre) VALUES (UNHEX('E8FAC28957CF11E8A87C40167EB4F57C'), '89');
INSERT INTO cama (id_cama, nombre) VALUES (UNHEX('E8FAC34357CF11E8A87C40167EB4F57C'), '90');
INSERT INTO cama (id_cama, nombre) VALUES (UNHEX('E8FAC3FE57CF11E8A87C40167EB4F57C'), '91');
INSERT INTO cama (id_cama, nombre) VALUES (UNHEX('E8FAC4BD57CF11E8A87C40167EB4F57C'), '92');
INSERT INTO cama (id_cama, nombre) VALUES (UNHEX('E8FAC57A57CF11E8A87C40167EB4F57C'), '93');
INSERT INTO cama (id_cama, nombre) VALUES (UNHEX('E8FAC63157CF11E8A87C40167EB4F57C'), '94');
INSERT INTO cama (id_cama, nombre) VALUES (UNHEX('E8FAC6EC57CF11E8A87C40167EB4F57C'), '95');
INSERT INTO cama (id_cama, nombre) VALUES (UNHEX('E8FAC7A957CF11E8A87C40167EB4F57C'), '96');
INSERT INTO cama (id_cama, nombre) VALUES (UNHEX('E8FAC86857CF11E8A87C40167EB4F57C'), '97');
INSERT INTO cama (id_cama, nombre) VALUES (UNHEX('E8FAC92057CF11E8A87C40167EB4F57C'), '98');
INSERT INTO cama (id_cama, nombre) VALUES (UNHEX('E8FAC9E257CF11E8A87C40167EB4F57C'), '99');

INSERT INTO servicio (id_servicio , nombre) VALUES (UNHEX('FCAB127857CF11E8A87C40167EB4F57C'), 'HOSPITALIZACIÓN');
INSERT INTO servicio (id_servicio , nombre) VALUES (UNHEX('FCAB11AE57CF11E8A87C40167EB4F57C'), 'UCE');
INSERT INTO servicio (id_servicio , nombre) VALUES (UNHEX('FCAB10EA57CF11E8A87C40167EB4F57C'), 'CONSULTA EXTERNA');
INSERT INTO servicio (id_servicio , nombre) VALUES (UNHEX('FCAB102657CF11E8A87C40167EB4F57C'), 'CONSULTA PRIORITARIA');

INSERT INTO alteracion (id_alteracion , nombre) VALUES (UNHEX('FCAB0A7A57CF11E8A87C40167EB4F57C'), 'INSOMNIO');
INSERT INTO alteracion (id_alteracion , nombre) VALUES (UNHEX('FCAB094257CF11E8A87C40167EB4F57C'), 'SOMNOLENCIA');
INSERT INTO alteracion (id_alteracion , nombre) VALUES (UNHEX('FCAB087E57CF11E8A87C40167EB4F57C'), 'HIPERSOMNIA');
INSERT INTO alteracion (id_alteracion , nombre) VALUES (UNHEX('FCAB07BA57CF11E8A87C40167EB4F57C'), 'TERRORES NOCTURNOS');
INSERT INTO alteracion (id_alteracion , nombre) VALUES (UNHEX('FCAB06F257CF11E8A87C40167EB4F57C'), 'PESADILLA');
INSERT INTO alteracion (id_alteracion , nombre) VALUES (UNHEX('FCAB062657CF11E8A87C40167EB4F57C'), 'OTRAS');

INSERT INTO patron (id_patron, nombre) VALUES (UNHEX('FCAB009457CF11E8A87C40167EB4F57C'), 'PERSONA');
INSERT INTO patron (id_patron, nombre) VALUES (UNHEX('FCAAFF3157CF11E8A87C40167EB4F57C'), 'TIEMPO');
INSERT INTO patron (id_patron, nombre) VALUES (UNHEX('FCAAFD9457CF11E8A87C40167EB4F57C'), 'ESPACIO');

INSERT INTO tono_voz (id_tono_voz , nombre) VALUES (UNHEX('FCAAFAFF57CF11E8A87C40167EB4F57C'), 'BAJO');
INSERT INTO tono_voz (id_tono_voz , nombre) VALUES (UNHEX('FCAAF9DF57CF11E8A87C40167EB4F57C'), 'NORMAL');
INSERT INTO tono_voz (id_tono_voz , nombre) VALUES (UNHEX('FCAAF90B57CF11E8A87C40167EB4F57C'), 'ALTO');

INSERT INTO se_muestra1 (id_se_muestra1 , nombre) VALUES (UNHEX('FCAB0F5C57CF11E8A87C40167EB4F57C'), 'COLABORADOR');
INSERT INTO se_muestra1 (id_se_muestra1 , nombre) VALUES (UNHEX('FCAB0E9257CF11E8A87C40167EB4F57C'), 'INDIFERENTE');
INSERT INTO se_muestra1 (id_se_muestra1 , nombre) VALUES (UNHEX('FCAB0DCE57CF11E8A87C40167EB4F57C'), 'HOSTIL');
INSERT INTO se_muestra1 (id_se_muestra1 , nombre) VALUES (UNHEX('FCAB0D0457CF11E8A87C40167EB4F57C'), 'RECEPTIVO');
INSERT INTO se_muestra1 (id_se_muestra1 , nombre) VALUES (UNHEX('FCAB0B4857CF11E8A87C40167EB4F57C'), 'RECELOSO');

INSERT INTO se_muestra2  (id_se_muestra2 , nombre) VALUES (UNHEX('FCAB055A57CF11E8A87C40167EB4F57C'), 'ALERTA');
INSERT INTO se_muestra2  (id_se_muestra2 , nombre) VALUES (UNHEX('FCAB048957CF11E8A87C40167EB4F57C'), 'OBNULADO');
INSERT INTO se_muestra2  (id_se_muestra2 , nombre) VALUES (UNHEX('FCAB03B357CF11E8A87C40167EB4F57C'), 'CONFUSO');
INSERT INTO se_muestra2  (id_se_muestra2 , nombre) VALUES (UNHEX('FCAB02C057CF11E8A87C40167EB4F57C'), 'DELIRANTE');
INSERT INTO se_muestra2  (id_se_muestra2 , nombre) VALUES (UNHEX('FCAB01E257CF11E8A87C40167EB4F57C'), 'COMA');

INSERT INTO forma (id_forma , nombre) VALUES (UNHEX('FCAAF79E57CF11E8A87C40167EB4F57C'), 'LÓGICO');
INSERT INTO forma (id_forma , nombre) VALUES (UNHEX('FCAAF6D057CF11E8A87C40167EB4F57C'), 'ILÓGICO');

INSERT INTO curso (id_curso , nombre) VALUES (UNHEX('FCAAF5D857CF11E8A87C40167EB4F57C'), 'NORMAL');
INSERT INTO curso (id_curso , nombre) VALUES (UNHEX('FCAAF48F57CF11E8A87C40167EB4F57C'), 'FUERA DE IDEAS');
INSERT INTO curso (id_curso , nombre) VALUES (UNHEX('FCAAF2AD57CF11E8A87C40167EB4F57C'), 'BRADIPSIQUIA');
INSERT INTO curso (id_curso , nombre) VALUES (UNHEX('FCAAF15957CF11E8A87C40167EB4F57C'), 'TAQUIPSIQUIA');
INSERT INTO curso (id_curso , nombre) VALUES (UNHEX('FCAAEF5657CF11E8A87C40167EB4F57C'), 'PROLIJIDAD');
INSERT INTO curso (id_curso , nombre) VALUES (UNHEX('FCAAEE5257CF11E8A87C40167EB4F57C'), 'OTROS');

INSERT INTO memoria (id_memoria , nombre) VALUES (UNHEX('FCAAECE257CF11E8A87C40167EB4F57C'), 'HIPERMNESIA');
INSERT INTO memoria (id_memoria , nombre) VALUES (UNHEX('FCAAEB9C57CF11E8A87C40167EB4F57C'), 'AMNESIA');
INSERT INTO memoria (id_memoria , nombre) VALUES (UNHEX('FCAAE99B57CF11E8A87C40167EB4F57C'), 'SELECTIVA');
INSERT INTO memoria (id_memoria , nombre) VALUES (UNHEX('FCAAE80557CF11E8A87C40167EB4F57C'), 'PARAMNESIA');
INSERT INTO memoria (id_memoria , nombre) VALUES (UNHEX('FCAAE5A657CF11E8A87C40167EB4F57C'), 'DISMNESIA');
INSERT INTO memoria (id_memoria , nombre) VALUES (UNHEX('FCAAE46457CF11E8A87C40167EB4F57C'), 'OTROS');

INSERT INTO alucinacion (id_alucinacion, nombre) VALUES (UNHEX('FCAAE34957CF11E8A87C40167EB4F57C'), 'ALUCINACIONES VISUALES');
INSERT INTO alucinacion (id_alucinacion, nombre) VALUES (UNHEX('FCAAE21A57CF11E8A87C40167EB4F57C'), 'ALUCINACIONES AUDITIVAS');
INSERT INTO alucinacion (id_alucinacion, nombre) VALUES (UNHEX('FCAAE05957CF11E8A87C40167EB4F57C'), 'SELECTIVAS');
INSERT INTO alucinacion (id_alucinacion, nombre) VALUES (UNHEX('FCAADF2C57CF11E8A87C40167EB4F57C'), 'PARAMNESIA');
INSERT INTO alucinacion (id_alucinacion, nombre) VALUES (UNHEX('2130C2925C6511E8871A40167EB4F57C'), 'OTRAS');
INSERT INTO alucinacion (id_alucinacion, nombre) VALUES (UNHEX('FCAADCCC57CF11E8A87C40167EB4F57C'), 'OLFATIVAS');

INSERT INTO fuerza_muscular (id_fuerza_muscular , nombre) VALUES (UNHEX('FCAAD31A57CF11E8A87C40167EB4F57C'), 'APROPIADO');
INSERT INTO fuerza_muscular (id_fuerza_muscular , nombre) VALUES (UNHEX('FCAAD6D157CF11E8A87C40167EB4F57C'), 'DISMINUIDO');
INSERT INTO fuerza_muscular (id_fuerza_muscular , nombre) VALUES (UNHEX('FCAADA5957CF11E8A87C40167EB4F57C'), 'AUMENTADO');

INSERT INTO movilidad (id_movilidad , nombre) VALUES (UNHEX('C334E7E35B9511E8A1EE40167EB4F57C'), 'INDEPENDIENTE');
INSERT INTO movilidad (id_movilidad , nombre) VALUES (UNHEX('C334F89A5B9511E8A1EE40167EB4F57C'), 'DISMINUIDO');
INSERT INTO movilidad (id_movilidad , nombre) VALUES (UNHEX('C335053D5B9511E8A1EE40167EB4F57C'), 'AUMENTADO');

INSERT INTO marcha (id_marcha , nombre) VALUES (UNHEX('C335119E5B9511E8A1EE40167EB4F57C'), 'EQUILIBRIO ESTABLE');
INSERT INTO marcha (id_marcha , nombre) VALUES (UNHEX('C3351E755B9511E8A1EE40167EB4F57C'), 'INESTABLE');
INSERT INTO marcha (id_marcha , nombre) VALUES (UNHEX('C3352AFC5B9511E8A1EE40167EB4F57C'), 'COORDINADO');
INSERT INTO marcha (id_marcha , nombre) VALUES (UNHEX('C33537CD5B9511E8A1EE40167EB4F57C'), 'DESCOORDINADO');

INSERT INTO humor (id_humor , nombre) VALUES (UNHEX('C33544765B9511E8A1EE40167EB4F57C'), 'ALEGRE');
INSERT INTO humor (id_humor , nombre) VALUES (UNHEX('C33550FF5B9511E8A1EE40167EB4F57C'), 'EUFÓRICO');
INSERT INTO humor (id_humor , nombre) VALUES (UNHEX('C3355D915B9511E8A1EE40167EB4F57C'), 'JÚBILO');
INSERT INTO humor (id_humor , nombre) VALUES (UNHEX('C33569F75B9511E8A1EE40167EB4F57C'), 'EXALTADO');
INSERT INTO humor (id_humor , nombre) VALUES (UNHEX('C33577C55B9511E8A1EE40167EB4F57C'), 'DEPRIMIDO');
INSERT INTO humor (id_humor , nombre) VALUES (UNHEX('C33587595B9511E8A1EE40167EB4F57C'), 'TRISTE');
INSERT INTO humor (id_humor , nombre) VALUES (UNHEX('C33595DC5B9511E8A1EE40167EB4F57C'), 'OTRO');

INSERT INTO expresion_facial1 (id_expresion_facial1 , nombre) VALUES (UNHEX('C335A2AA5B9511E8A1EE40167EB4F57C'), 'TRISTE');
INSERT INTO expresion_facial1 (id_expresion_facial1 , nombre) VALUES (UNHEX('C335AF795B9511E8A1EE40167EB4F57C'), 'ALEGRE');
INSERT INTO expresion_facial1 (id_expresion_facial1 , nombre) VALUES (UNHEX('C335BC0D5B9511E8A1EE40167EB4F57C'), 'PREOCUPADO');
INSERT INTO expresion_facial1 (id_expresion_facial1 , nombre) VALUES (UNHEX('C335D1455B9511E8A1EE40167EB4F57C'), 'DIFERENTE');

INSERT INTO expresion_facial2 (id_expresion_facial2 , nombre) VALUES (UNHEX('C335E2375B9511E8A1EE40167EB4F57C'), 'NORMAL');
INSERT INTO expresion_facial2 (id_expresion_facial2 , nombre) VALUES (UNHEX('C335E7985B9511E8A1EE40167EB4F57C'), 'RETARDO MENTAL');

INSERT INTO expresion_facial3 (id_expresion_facial3 , nombre) VALUES (UNHEX('C335F7EC5B9511E8A1EE40167EB4F57C'), 'DESVIADO');
INSERT INTO expresion_facial3 (id_expresion_facial3 , nombre) VALUES (UNHEX('C33605655B9511E8A1EE40167EB4F57C'), 'COMPROMETIDO');

INSERT INTO aseguradora (id_aseguradora , nombre) VALUES (UNHEX('C336110C5B9511E8A1EE40167EB4F57C'), 'MUTUAL SER');
INSERT INTO aseguradora (id_aseguradora , nombre) VALUES (UNHEX('C3361E3C5B9511E8A1EE40167EB4F57C'), 'SALUDVIDA');
INSERT INTO aseguradora (id_aseguradora , nombre) VALUES (UNHEX('C3362A815B9511E8A1EE40167EB4F57C'), 'COOSALUD');
INSERT INTO aseguradora (id_aseguradora , nombre) VALUES (UNHEX('C3363A315B9511E8A1EE40167EB4F57C'), 'COOSALUD MAG');
INSERT INTO aseguradora (id_aseguradora , nombre) VALUES (UNHEX('C33649785B9511E8A1EE40167EB4F57C'), 'UNIVERSIDAD DEL ATLÁNTICO');
INSERT INTO aseguradora (id_aseguradora , nombre) VALUES (UNHEX('C33667C25B9511E8A1EE40167EB4F57C'), 'ORGANIZACION CLINICA GENERAL DEL NORTE');

INSERT INTO tipo_entidad (id_tipo_entidad , nombre) VALUES (UNHEX('C3395A105B9511E8A1EE40167EB4F57C'), 'E.P.S');
INSERT INTO tipo_entidad (id_tipo_entidad , nombre) VALUES (UNHEX('C339686D5B9511E8A1EE40167EB4F57C'), 'PARTICULAR');
INSERT INTO tipo_entidad (id_tipo_entidad , nombre) VALUES (UNHEX('C339855E5B9511E8A1EE40167EB4F57C'), 'I.P.S');
