INSERT INTO tipo_documento (id_tipo_documento, nombre) VALUES (UNHEX('B79C045C57AD11E8A87C40167EB4F57C'), 'CC');
INSERT INTO tipo_documento (id_tipo_documento, nombre) VALUES (UNHEX('B79C10EB57AD11E8A87C40167EB4F57C'), 'RC');
INSERT INTO tipo_documento (id_tipo_documento, nombre) VALUES (UNHEX('B79C17E357AD11E8A87C40167EB4F57C'), 'TI');
INSERT INTO tipo_documento (id_tipo_documento, nombre) VALUES (UNHEX('B79C1EE257AD11E8A87C40167EB4F57C'), 'CE');
INSERT INTO tipo_documento (id_tipo_documento, nombre) VALUES (UNHEX('B79C25C257AD11E8A87C40167EB4F57C'), 'ASI');
INSERT INTO tipo_documento (id_tipo_documento, nombre) VALUES (UNHEX('B79C2CD357AD11E8A87C40167EB4F57C'), 'MSI');

INSERT INTO usuario (id_usuario, identificacion, nombres, apellidos, username, password, email, direccion, telefono, celular, ultimo_acceso, id_tipo_documento, enabled) 
VALUES (UNHEX('A3FC709557AE11E8A87C40167EB4F57C'), 72346450, 'David', 'Henriquez', 'admin', '$2a$08$lDnHPz7eUkSi6ao14Twuau08mzhWrL4kyZGGU5xfiGALO/Vxd5DOi', 'david.heriquez.23@gmail.com', 'Calle 51 # 21 - 31', '3142798', '3014413292', NOW(), UNHEX('B79C045C57AD11E8A87C40167EB4F57C'), 1);

INSERT INTO rol (id_rol, nombre) VALUES (UNHEX('C79D8B3257AE11E8A87C40167EB4F57C'), 'admin global');

INSERT INTO usuario_rol (id_usuario, id_rol) VALUES (UNHEX('A3FC709557AE11E8A87C40167EB4F57C'), UNHEX('C79D8B3257AE11E8A87C40167EB4F57C'));

INSERT INTO rol (id_rol, nombre) VALUES (UNHEX('B5BA58C357B111E8A87C40167EB4F57C'), 'Psiquiatria');
INSERT INTO rol (id_rol, nombre) VALUES (UNHEX('B5BA61A457B111E8A87C40167EB4F57C'), 'Psiquiatria Infantil');
INSERT INTO rol (id_rol, nombre) VALUES (UNHEX('B5BA629457B111E8A87C40167EB4F57C'), 'Medicina general');
INSERT INTO rol (id_rol, nombre) VALUES (UNHEX('B5BA68B857B111E8A87C40167EB4F57C'), 'Jefe enfermeria');
INSERT INTO rol (id_rol, nombre) VALUES (UNHEX('B5BA6EA357B111E8A87C40167EB4F57C'), 'Enfermeria');
INSERT INTO rol (id_rol, nombre) VALUES (UNHEX('B5BA748057B111E8A87C40167EB4F57C'), 'Psicologia');
INSERT INTO rol (id_rol, nombre) VALUES (UNHEX('B5BA7A5757B111E8A87C40167EB4F57C'), 'Fisioterapeuta');
INSERT INTO rol (id_rol, nombre) VALUES (UNHEX('B5BA846857B111E8A87C40167EB4F57C'), 'Trabajo social');
INSERT INTO rol (id_rol, nombre) VALUES (UNHEX('B5BA8DB257B111E8A87C40167EB4F57C'), 'Facilitador terapeutico');
INSERT INTO rol (id_rol, nombre) VALUES (UNHEX('B5BA943757B111E8A87C40167EB4F57C'), 'Terapeuta ocupacional');
INSERT INTO rol (id_rol, nombre) VALUES (UNHEX('B5BA9A2257B111E8A87C40167EB4F57C'), 'Fonoaudiologia');
INSERT INTO rol (id_rol, nombre) VALUES (UNHEX('B5BAA00457B111E8A87C40167EB4F57C'), 'NeuroPsicologia');
INSERT INTO rol (id_rol, nombre) VALUES (UNHEX('B5BAA61557B111E8A87C40167EB4F57C'), 'Educacion Especial');
INSERT INTO rol (id_rol, nombre) VALUES (UNHEX('B5BAAD4057B111E8A87C40167EB4F57C'), 'Auxiliares Administrativos');
INSERT INTO rol (id_rol, nombre) VALUES (UNHEX('B5BAB44757B111E8A87C40167EB4F57C'), 'Paciente');

INSERT INTO permiso (id_permiso, nombre) VALUES (UNHEX('5D26DD0957B311E8A87C40167EB4F57C'), 'ROLE_layout');
INSERT INTO permiso (id_permiso, nombre) VALUES (UNHEX('5D289E0257B311E8A87C40167EB4F57C'), 'ROLE_seguridad');
INSERT INTO permiso (id_permiso, nombre) VALUES (UNHEX('5D28A50857B311E8A87C40167EB4F57C'), 'ROLE_roles');
INSERT INTO permiso (id_permiso, nombre) VALUES (UNHEX('5D28AB1D57B311E8A87C40167EB4F57C'), 'ROLE_consultar rol');
INSERT INTO permiso (id_permiso, nombre) VALUES (UNHEX('5D28B10157B311E8A87C40167EB4F57C'), 'ROLE_crear rol');
INSERT INTO permiso (id_permiso, nombre) VALUES (UNHEX('5D28B6E257B311E8A87C40167EB4F57C'), 'ROLE_editar rol');
INSERT INTO permiso (id_permiso, nombre) VALUES (UNHEX('5D28BCEA57B311E8A87C40167EB4F57C'), 'ROLE_eliminar rol');
INSERT INTO permiso (id_permiso, nombre) VALUES (UNHEX('5D296A1157B311E8A87C40167EB4F57C'), 'ROLE_listas');
INSERT INTO permiso (id_permiso, nombre) VALUES (UNHEX('5D29713E57B311E8A87C40167EB4F57C'), 'ROLE_opciones');
INSERT INTO permiso (id_permiso, nombre) VALUES (UNHEX('5D29773157B311E8A87C40167EB4F57C'), 'ROLE_consultar opcion');
INSERT INTO permiso (id_permiso, nombre) VALUES (UNHEX('5D297D0D57B311E8A87C40167EB4F57C'), 'ROLE_crear opcion');
INSERT INTO permiso (id_permiso, nombre) VALUES (UNHEX('5D297DF357B311E8A87C40167EB4F57C'), 'ROLE_editar opcion');
INSERT INTO permiso (id_permiso, nombre) VALUES (UNHEX('5D297EBC57B311E8A87C40167EB4F57C'), 'ROLE_eliminar opcion');
INSERT INTO permiso (id_permiso, nombre) VALUES (UNHEX('5D297F9057B311E8A87C40167EB4F57C'), 'ROLE_sedes');
INSERT INTO permiso (id_permiso, nombre) VALUES (UNHEX('5D29805C57B311E8A87C40167EB4F57C'), 'ROLE_consultar sede');
INSERT INTO permiso (id_permiso, nombre) VALUES (UNHEX('5D29812857B311E8A87C40167EB4F57C'), 'ROLE_crear sede');
INSERT INTO permiso (id_permiso, nombre) VALUES (UNHEX('5D2981F757B311E8A87C40167EB4F57C'), 'ROLE_editar sede');
INSERT INTO permiso (id_permiso, nombre) VALUES (UNHEX('5D2982C657B311E8A87C40167EB4F57C'), 'ROLE_eliminar sede');
INSERT INTO permiso (id_permiso, nombre) VALUES (UNHEX('5D29838D57B311E8A87C40167EB4F57C'), 'ROLE_tipos documentos');
INSERT INTO permiso (id_permiso, nombre) VALUES (UNHEX('5D2B9EE957B311E8A87C40167EB4F57C'), 'ROLE_consultar tipo documento');
INSERT INTO permiso (id_permiso, nombre) VALUES (UNHEX('5D2BA08E57B311E8A87C40167EB4F57C'), 'ROLE_crear tipo documento');
INSERT INTO permiso (id_permiso, nombre) VALUES (UNHEX('5D2BA1B857B311E8A87C40167EB4F57C'), 'ROLE_editar tipo documento');
INSERT INTO permiso (id_permiso, nombre) VALUES (UNHEX('5D2BA2E657B311E8A87C40167EB4F57C'), 'ROLE_eliminar tipo documento');
INSERT INTO permiso (id_permiso, nombre) VALUES (UNHEX('5D2BA3F157B311E8A87C40167EB4F57C'), 'ROLE_cie10s');
INSERT INTO permiso (id_permiso, nombre) VALUES (UNHEX('5D2BA5D157B311E8A87C40167EB4F57C'), 'ROLE_consultar cie10');
INSERT INTO permiso (id_permiso, nombre) VALUES (UNHEX('5D2BA72A57B311E8A87C40167EB4F57C'), 'ROLE_crear cie10');
INSERT INTO permiso (id_permiso, nombre) VALUES (UNHEX('5D2BA80D57B311E8A87C40167EB4F57C'), 'ROLE_editar cie10');
INSERT INTO permiso (id_permiso, nombre) VALUES (UNHEX('5D2BA8DE57B311E8A87C40167EB4F57C'), 'ROLE_eliminar cie10');
INSERT INTO permiso (id_permiso, nombre) VALUES (UNHEX('6769531058A411E8BCB640167EB4F57C'), 'ROLE_estados civiles');
INSERT INTO permiso (id_permiso, nombre) VALUES (UNHEX('676D426558A411E8BCB640167EB4F57C'), 'ROLE_consultar estado civil');
INSERT INTO permiso (id_permiso, nombre) VALUES (UNHEX('676D4DAD58A411E8BCB640167EB4F57C'), 'ROLE_crear estado civil');
INSERT INTO permiso (id_permiso, nombre) VALUES (UNHEX('676D559758A411E8BCB640167EB4F57C'), 'ROLE_editar estado civil');
INSERT INTO permiso (id_permiso, nombre) VALUES (UNHEX('676D5D6C58A411E8BCB640167EB4F57C'), 'ROLE_eliminar estado civil');
INSERT INTO permiso (id_permiso, nombre) VALUES (UNHEX('BD83477E5A3611E8BCB640167EB4F57C'), 'ROLE_camas');
INSERT INTO permiso (id_permiso, nombre) VALUES (UNHEX('BD84B6825A3611E8BCB640167EB4F57C'), 'ROLE_consultar cama');
INSERT INTO permiso (id_permiso, nombre) VALUES (UNHEX('BD933F425A3611E8BCB640167EB4F57C'), 'ROLE_crear cama');
INSERT INTO permiso (id_permiso, nombre) VALUES (UNHEX('BD9501C65A3611E8BCB640167EB4F57C'), 'ROLE_editar cama');
INSERT INTO permiso (id_permiso, nombre) VALUES (UNHEX('BD9DEA635A3611E8BCB640167EB4F57C'), 'ROLE_eliminar cama');
INSERT INTO permiso (id_permiso, nombre) VALUES (UNHEX('2CE4B7AE5B0011E8BC7040167EB4F57C'), 'ROLE_servicios');
INSERT INTO permiso (id_permiso, nombre) VALUES (UNHEX('2CEBA8685B0011E8BC7040167EB4F57C'), 'ROLE_consultar servicio');
INSERT INTO permiso (id_permiso, nombre) VALUES (UNHEX('2CEF93735B0011E8BC7040167EB4F57C'), 'ROLE_crear servicio');
INSERT INTO permiso (id_permiso, nombre) VALUES (UNHEX('2CEF9D265B0011E8BC7040167EB4F57C'), 'ROLE_editar servicio');
INSERT INTO permiso (id_permiso, nombre) VALUES (UNHEX('2CEFA5335B0011E8BC7040167EB4F57C'), 'ROLE_eliminar servicio');
INSERT INTO permiso (id_permiso, nombre) VALUES (UNHEX('2615BE145B7711E8A1EE40167EB4F57C'), 'ROLE_alteraciones');
INSERT INTO permiso (id_permiso, nombre) VALUES (UNHEX('261FF8195B7711E8A1EE40167EB4F57C'), 'ROLE_consultar alteracion');
INSERT INTO permiso (id_permiso, nombre) VALUES (UNHEX('262005115B7711E8A1EE40167EB4F57C'), 'ROLE_crear alteracion');
INSERT INTO permiso (id_permiso, nombre) VALUES (UNHEX('26200EF45B7711E8A1EE40167EB4F57C'), 'ROLE_editar alteracion');
INSERT INTO permiso (id_permiso, nombre) VALUES (UNHEX('2620187D5B7711E8A1EE40167EB4F57C'), 'ROLE_eliminar alteracion');
INSERT INTO permiso (id_permiso, nombre) VALUES (UNHEX('28A88C9B5B8611E8A1EE40167EB4F57C'), 'ROLE_patrones');
INSERT INTO permiso (id_permiso, nombre) VALUES (UNHEX('28A874AB5B8611E8A1EE40167EB4F57C'), 'ROLE_consultar patron');
INSERT INTO permiso (id_permiso, nombre) VALUES (UNHEX('28A866065B8611E8A1EE40167EB4F57C'), 'ROLE_crear patron');
INSERT INTO permiso (id_permiso, nombre) VALUES (UNHEX('289CF8645B8611E8A1EE40167EB4F57C'), 'ROLE_editar patron');
INSERT INTO permiso (id_permiso, nombre) VALUES (UNHEX('286A5FFA5B8611E8A1EE40167EB4F57C'), 'ROLE_eliminar patron');
INSERT INTO permiso (id_permiso, nombre) VALUES (UNHEX('EF6428305B8B11E8A1EE40167EB4F57C'), 'ROLE_tonos voz');
INSERT INTO permiso (id_permiso, nombre) VALUES (UNHEX('EF6426DD5B8B11E8A1EE40167EB4F57C'), 'ROLE_consultar tono voz');
INSERT INTO permiso (id_permiso, nombre) VALUES (UNHEX('EF6425825B8B11E8A1EE40167EB4F57C'), 'ROLE_crear tono voz');
INSERT INTO permiso (id_permiso, nombre) VALUES (UNHEX('EF6424105B8B11E8A1EE40167EB4F57C'), 'ROLE_editar tono voz');
INSERT INTO permiso (id_permiso, nombre) VALUES (UNHEX('EF6420255B8B11E8A1EE40167EB4F57C'), 'ROLE_eliminar tono voz');

INSERT INTO rol_permiso (id_rol, id_permiso) VALUES (UNHEX('C79D8B3257AE11E8A87C40167EB4F57C'), UNHEX('5D26DD0957B311E8A87C40167EB4F57C'));
INSERT INTO rol_permiso (id_rol, id_permiso) VALUES (UNHEX('C79D8B3257AE11E8A87C40167EB4F57C'), UNHEX('5D289E0257B311E8A87C40167EB4F57C'));
INSERT INTO rol_permiso (id_rol, id_permiso) VALUES (UNHEX('C79D8B3257AE11E8A87C40167EB4F57C'), UNHEX('5D28A50857B311E8A87C40167EB4F57C'));
INSERT INTO rol_permiso (id_rol, id_permiso) VALUES (UNHEX('C79D8B3257AE11E8A87C40167EB4F57C'), UNHEX('5D28AB1D57B311E8A87C40167EB4F57C'));
INSERT INTO rol_permiso (id_rol, id_permiso) VALUES (UNHEX('C79D8B3257AE11E8A87C40167EB4F57C'), UNHEX('5D28B10157B311E8A87C40167EB4F57C'));
INSERT INTO rol_permiso (id_rol, id_permiso) VALUES (UNHEX('C79D8B3257AE11E8A87C40167EB4F57C'), UNHEX('5D28B6E257B311E8A87C40167EB4F57C'));
INSERT INTO rol_permiso (id_rol, id_permiso) VALUES (UNHEX('C79D8B3257AE11E8A87C40167EB4F57C'), UNHEX('5D28BCEA57B311E8A87C40167EB4F57C'));
INSERT INTO rol_permiso (id_rol, id_permiso) VALUES (UNHEX('C79D8B3257AE11E8A87C40167EB4F57C'), UNHEX('5D296A1157B311E8A87C40167EB4F57C'));
INSERT INTO rol_permiso (id_rol, id_permiso) VALUES (UNHEX('C79D8B3257AE11E8A87C40167EB4F57C'), UNHEX('5D29713E57B311E8A87C40167EB4F57C'));
INSERT INTO rol_permiso (id_rol, id_permiso) VALUES (UNHEX('C79D8B3257AE11E8A87C40167EB4F57C'), UNHEX('5D29773157B311E8A87C40167EB4F57C'));
INSERT INTO rol_permiso (id_rol, id_permiso) VALUES (UNHEX('C79D8B3257AE11E8A87C40167EB4F57C'), UNHEX('5D297D0D57B311E8A87C40167EB4F57C'));
INSERT INTO rol_permiso (id_rol, id_permiso) VALUES (UNHEX('C79D8B3257AE11E8A87C40167EB4F57C'), UNHEX('5D297DF357B311E8A87C40167EB4F57C'));
INSERT INTO rol_permiso (id_rol, id_permiso) VALUES (UNHEX('C79D8B3257AE11E8A87C40167EB4F57C'), UNHEX('5D297EBC57B311E8A87C40167EB4F57C'));
INSERT INTO rol_permiso (id_rol, id_permiso) VALUES (UNHEX('C79D8B3257AE11E8A87C40167EB4F57C'), UNHEX('5D297F9057B311E8A87C40167EB4F57C'));
INSERT INTO rol_permiso (id_rol, id_permiso) VALUES (UNHEX('C79D8B3257AE11E8A87C40167EB4F57C'), UNHEX('5D29805C57B311E8A87C40167EB4F57C'));
INSERT INTO rol_permiso (id_rol, id_permiso) VALUES (UNHEX('C79D8B3257AE11E8A87C40167EB4F57C'), UNHEX('5D29812857B311E8A87C40167EB4F57C'));
INSERT INTO rol_permiso (id_rol, id_permiso) VALUES (UNHEX('C79D8B3257AE11E8A87C40167EB4F57C'), UNHEX('5D2981F757B311E8A87C40167EB4F57C'));
INSERT INTO rol_permiso (id_rol, id_permiso) VALUES (UNHEX('C79D8B3257AE11E8A87C40167EB4F57C'), UNHEX('5D2982C657B311E8A87C40167EB4F57C'));
INSERT INTO rol_permiso (id_rol, id_permiso) VALUES (UNHEX('C79D8B3257AE11E8A87C40167EB4F57C'), UNHEX('5D29838D57B311E8A87C40167EB4F57C'));
INSERT INTO rol_permiso (id_rol, id_permiso) VALUES (UNHEX('C79D8B3257AE11E8A87C40167EB4F57C'), UNHEX('5D2B9EE957B311E8A87C40167EB4F57C'));
INSERT INTO rol_permiso (id_rol, id_permiso) VALUES (UNHEX('C79D8B3257AE11E8A87C40167EB4F57C'), UNHEX('5D2BA08E57B311E8A87C40167EB4F57C'));
INSERT INTO rol_permiso (id_rol, id_permiso) VALUES (UNHEX('C79D8B3257AE11E8A87C40167EB4F57C'), UNHEX('5D2BA1B857B311E8A87C40167EB4F57C'));
INSERT INTO rol_permiso (id_rol, id_permiso) VALUES (UNHEX('C79D8B3257AE11E8A87C40167EB4F57C'), UNHEX('5D2BA2E657B311E8A87C40167EB4F57C'));
INSERT INTO rol_permiso (id_rol, id_permiso) VALUES (UNHEX('C79D8B3257AE11E8A87C40167EB4F57C'), UNHEX('5D2BA3F157B311E8A87C40167EB4F57C'));
INSERT INTO rol_permiso (id_rol, id_permiso) VALUES (UNHEX('C79D8B3257AE11E8A87C40167EB4F57C'), UNHEX('5D2BA5D157B311E8A87C40167EB4F57C'));
INSERT INTO rol_permiso (id_rol, id_permiso) VALUES (UNHEX('C79D8B3257AE11E8A87C40167EB4F57C'), UNHEX('5D2BA72A57B311E8A87C40167EB4F57C'));
INSERT INTO rol_permiso (id_rol, id_permiso) VALUES (UNHEX('C79D8B3257AE11E8A87C40167EB4F57C'), UNHEX('5D2BA80D57B311E8A87C40167EB4F57C'));
INSERT INTO rol_permiso (id_rol, id_permiso) VALUES (UNHEX('C79D8B3257AE11E8A87C40167EB4F57C'), UNHEX('5D2BA8DE57B311E8A87C40167EB4F57C'));
INSERT INTO rol_permiso (id_rol, id_permiso) VALUES (UNHEX('C79D8B3257AE11E8A87C40167EB4F57C'), UNHEX('6769531058A411E8BCB640167EB4F57C'));
INSERT INTO rol_permiso (id_rol, id_permiso) VALUES (UNHEX('C79D8B3257AE11E8A87C40167EB4F57C'), UNHEX('676D426558A411E8BCB640167EB4F57C'));
INSERT INTO rol_permiso (id_rol, id_permiso) VALUES (UNHEX('C79D8B3257AE11E8A87C40167EB4F57C'), UNHEX('676D4DAD58A411E8BCB640167EB4F57C'));
INSERT INTO rol_permiso (id_rol, id_permiso) VALUES (UNHEX('C79D8B3257AE11E8A87C40167EB4F57C'), UNHEX('676D559758A411E8BCB640167EB4F57C'));
INSERT INTO rol_permiso (id_rol, id_permiso) VALUES (UNHEX('C79D8B3257AE11E8A87C40167EB4F57C'), UNHEX('676D5D6C58A411E8BCB640167EB4F57C'));
INSERT INTO rol_permiso (id_rol, id_permiso) VALUES (UNHEX('C79D8B3257AE11E8A87C40167EB4F57C'), UNHEX('BD83477E5A3611E8BCB640167EB4F57C'));
INSERT INTO rol_permiso (id_rol, id_permiso) VALUES (UNHEX('C79D8B3257AE11E8A87C40167EB4F57C'), UNHEX('BD84B6825A3611E8BCB640167EB4F57C'));
INSERT INTO rol_permiso (id_rol, id_permiso) VALUES (UNHEX('C79D8B3257AE11E8A87C40167EB4F57C'), UNHEX('BD933F425A3611E8BCB640167EB4F57C'));
INSERT INTO rol_permiso (id_rol, id_permiso) VALUES (UNHEX('C79D8B3257AE11E8A87C40167EB4F57C'), UNHEX('BD9501C65A3611E8BCB640167EB4F57C'));
INSERT INTO rol_permiso (id_rol, id_permiso) VALUES (UNHEX('C79D8B3257AE11E8A87C40167EB4F57C'), UNHEX('BD9DEA635A3611E8BCB640167EB4F57C'));
INSERT INTO rol_permiso (id_rol, id_permiso) VALUES (UNHEX('C79D8B3257AE11E8A87C40167EB4F57C'), UNHEX('2CE4B7AE5B0011E8BC7040167EB4F57C'));
INSERT INTO rol_permiso (id_rol, id_permiso) VALUES (UNHEX('C79D8B3257AE11E8A87C40167EB4F57C'), UNHEX('2CEBA8685B0011E8BC7040167EB4F57C'));
INSERT INTO rol_permiso (id_rol, id_permiso) VALUES (UNHEX('C79D8B3257AE11E8A87C40167EB4F57C'), UNHEX('2CEF93735B0011E8BC7040167EB4F57C'));
INSERT INTO rol_permiso (id_rol, id_permiso) VALUES (UNHEX('C79D8B3257AE11E8A87C40167EB4F57C'), UNHEX('2CEF9D265B0011E8BC7040167EB4F57C'));
INSERT INTO rol_permiso (id_rol, id_permiso) VALUES (UNHEX('C79D8B3257AE11E8A87C40167EB4F57C'), UNHEX('2CEFA5335B0011E8BC7040167EB4F57C'));
INSERT INTO rol_permiso (id_rol, id_permiso) VALUES (UNHEX('C79D8B3257AE11E8A87C40167EB4F57C'), UNHEX('2615BE145B7711E8A1EE40167EB4F57C'));
INSERT INTO rol_permiso (id_rol, id_permiso) VALUES (UNHEX('C79D8B3257AE11E8A87C40167EB4F57C'), UNHEX('261FF8195B7711E8A1EE40167EB4F57C'));
INSERT INTO rol_permiso (id_rol, id_permiso) VALUES (UNHEX('C79D8B3257AE11E8A87C40167EB4F57C'), UNHEX('262005115B7711E8A1EE40167EB4F57C'));
INSERT INTO rol_permiso (id_rol, id_permiso) VALUES (UNHEX('C79D8B3257AE11E8A87C40167EB4F57C'), UNHEX('26200EF45B7711E8A1EE40167EB4F57C'));
INSERT INTO rol_permiso (id_rol, id_permiso) VALUES (UNHEX('C79D8B3257AE11E8A87C40167EB4F57C'), UNHEX('2620187D5B7711E8A1EE40167EB4F57C'));
INSERT INTO rol_permiso (id_rol, id_permiso) VALUES (UNHEX('C79D8B3257AE11E8A87C40167EB4F57C'), UNHEX('28A88C9B5B8611E8A1EE40167EB4F57C'));
INSERT INTO rol_permiso (id_rol, id_permiso) VALUES (UNHEX('C79D8B3257AE11E8A87C40167EB4F57C'), UNHEX('28A874AB5B8611E8A1EE40167EB4F57C'));
INSERT INTO rol_permiso (id_rol, id_permiso) VALUES (UNHEX('C79D8B3257AE11E8A87C40167EB4F57C'), UNHEX('28A866065B8611E8A1EE40167EB4F57C'));
INSERT INTO rol_permiso (id_rol, id_permiso) VALUES (UNHEX('C79D8B3257AE11E8A87C40167EB4F57C'), UNHEX('289CF8645B8611E8A1EE40167EB4F57C'));
INSERT INTO rol_permiso (id_rol, id_permiso) VALUES (UNHEX('C79D8B3257AE11E8A87C40167EB4F57C'), UNHEX('286A5FFA5B8611E8A1EE40167EB4F57C'));
INSERT INTO rol_permiso (id_rol, id_permiso) VALUES (UNHEX('C79D8B3257AE11E8A87C40167EB4F57C'), UNHEX('EF6428305B8B11E8A1EE40167EB4F57C'));
INSERT INTO rol_permiso (id_rol, id_permiso) VALUES (UNHEX('C79D8B3257AE11E8A87C40167EB4F57C'), UNHEX('EF6426DD5B8B11E8A1EE40167EB4F57C'));
INSERT INTO rol_permiso (id_rol, id_permiso) VALUES (UNHEX('C79D8B3257AE11E8A87C40167EB4F57C'), UNHEX('EF6425825B8B11E8A1EE40167EB4F57C'));
INSERT INTO rol_permiso (id_rol, id_permiso) VALUES (UNHEX('C79D8B3257AE11E8A87C40167EB4F57C'), UNHEX('EF6424105B8B11E8A1EE40167EB4F57C'));
INSERT INTO rol_permiso (id_rol, id_permiso) VALUES (UNHEX('C79D8B3257AE11E8A87C40167EB4F57C'), UNHEX('EF6420255B8B11E8A1EE40167EB4F57C'));

INSERT INTO opcion (id_opcion, nombre) VALUES (UNHEX('D86B928757B211E8A87C40167EB4F57C'), 'X');
INSERT INTO opcion (id_opcion, nombre) VALUES (UNHEX('D86DC76F57B211E8A87C40167EB4F57C'), 'SI');
INSERT INTO opcion (id_opcion, nombre) VALUES (UNHEX('D86DD3FB57B211E8A87C40167EB4F57C'), 'NO');

INSERT INTO sede (id_sede, nombre) VALUES (UNHEX('D86DDDE857B211E8A87C40167EB4F57C'), 'SEDE 82');
INSERT INTO sede (id_sede, nombre) VALUES (UNHEX('D86DE51057B211E8A87C40167EB4F57C'), 'PITAL DE MEGUA');
INSERT INTO sede (id_sede, nombre) VALUES (UNHEX('D86DEBC557B211E8A87C40167EB4F57C'), 'CENTRO DE VIDA');
INSERT INTO sede (id_sede, nombre) VALUES (UNHEX('D86DF37C57B211E8A87C40167EB4F57C'), 'SANTA MARTA');

INSERT INTO estado_civil (id_estado_civil, nombre) VALUES (UNHEX('62795C5357CF11E8A87C40167EB4F57C'), 'SOLTERO (A)');
INSERT INTO estado_civil (id_estado_civil, nombre) VALUES (UNHEX('6279616657CF11E8A87C40167EB4F57C'), 'CASADO (A)');
INSERT INTO estado_civil (id_estado_civil, nombre) VALUES (UNHEX('6279642657CF11E8A87C40167EB4F57C'), 'UNIÓN LIBRE');
INSERT INTO estado_civil (id_estado_civil, nombre) VALUES (UNHEX('6279656257CF11E8A87C40167EB4F57C'), 'VIUDO (A)');
INSERT INTO estado_civil (id_estado_civil, nombre) VALUES (UNHEX('6279668557CF11E8A87C40167EB4F57C'), 'SEPARADO (A)');

INSERT INTO cama (id_cama, nombre) VALUES (UNHEX('E8F108C957CF11E8A87C40167EB4F57C'), '1');
INSERT INTO cama (id_cama, nombre) VALUES (UNHEX('E8F10CE457CF11E8A87C40167EB4F57C'), '2');
INSERT INTO cama (id_cama, nombre) VALUES (UNHEX('E8FA7E4657CF11E8A87C40167EB4F57C'), '3');
INSERT INTO cama (id_cama, nombre) VALUES (UNHEX('E8FA7F6657CF11E8A87C40167EB4F57C'), '4');
INSERT INTO cama (id_cama, nombre) VALUES (UNHEX('E8FA806D57CF11E8A87C40167EB4F57C'), '5');
INSERT INTO cama (id_cama, nombre) VALUES (UNHEX('E8FA814B57CF11E8A87C40167EB4F57C'), '6');
INSERT INTO cama (id_cama, nombre) VALUES (UNHEX('E8FA822157CF11E8A87C40167EB4F57C'), '7');
INSERT INTO cama (id_cama, nombre) VALUES (UNHEX('E8FA82F357CF11E8A87C40167EB4F57C'), '8');
INSERT INTO cama (id_cama, nombre) VALUES (UNHEX('E8FA83D157CF11E8A87C40167EB4F57C'), '9');
INSERT INTO cama (id_cama, nombre) VALUES (UNHEX('E8FA84A257CF11E8A87C40167EB4F57C'), '10');
INSERT INTO cama (id_cama, nombre) VALUES (UNHEX('E8FA856B57CF11E8A87C40167EB4F57C'), '11');
INSERT INTO cama (id_cama, nombre) VALUES (UNHEX('E8FA863A57CF11E8A87C40167EB4F57C'), '12');
INSERT INTO cama (id_cama, nombre) VALUES (UNHEX('E8FA871857CF11E8A87C40167EB4F57C'), '13');
INSERT INTO cama (id_cama, nombre) VALUES (UNHEX('E8FA87E257CF11E8A87C40167EB4F57C'), '14');
INSERT INTO cama (id_cama, nombre) VALUES (UNHEX('E8FA88F057CF11E8A87C40167EB4F57C'), '15');
INSERT INTO cama (id_cama, nombre) VALUES (UNHEX('E8FA89BA57CF11E8A87C40167EB4F57C'), '16');
INSERT INTO cama (id_cama, nombre) VALUES (UNHEX('E8FA8A8157CF11E8A87C40167EB4F57C'), '17');
INSERT INTO cama (id_cama, nombre) VALUES (UNHEX('E8FA8B4A57CF11E8A87C40167EB4F57C'), '18');
INSERT INTO cama (id_cama, nombre) VALUES (UNHEX('E8FA8C1957CF11E8A87C40167EB4F57C'), '19');
INSERT INTO cama (id_cama, nombre) VALUES (UNHEX('E8FA8D8357CF11E8A87C40167EB4F57C'), '20');
INSERT INTO cama (id_cama, nombre) VALUES (UNHEX('E8FA8E4D57CF11E8A87C40167EB4F57C'), '21');
INSERT INTO cama (id_cama, nombre) VALUES (UNHEX('E8FA8F1957CF11E8A87C40167EB4F57C'), '22');
INSERT INTO cama (id_cama, nombre) VALUES (UNHEX('E8FA8FDD57CF11E8A87C40167EB4F57C'), '23');
INSERT INTO cama (id_cama, nombre) VALUES (UNHEX('E8FA90A457CF11E8A87C40167EB4F57C'), '24');
INSERT INTO cama (id_cama, nombre) VALUES (UNHEX('E8FA916B57CF11E8A87C40167EB4F57C'), '25');
INSERT INTO cama (id_cama, nombre) VALUES (UNHEX('E8FA923057CF11E8A87C40167EB4F57C'), '26');
INSERT INTO cama (id_cama, nombre) VALUES (UNHEX('E8FA92F457CF11E8A87C40167EB4F57C'), '27');
INSERT INTO cama (id_cama, nombre) VALUES (UNHEX('E8FA93BB57CF11E8A87C40167EB4F57C'), '28');
INSERT INTO cama (id_cama, nombre) VALUES (UNHEX('E8FA948257CF11E8A87C40167EB4F57C'), '29');
INSERT INTO cama (id_cama, nombre) VALUES (UNHEX('E8FA954957CF11E8A87C40167EB4F57C'), '30');
INSERT INTO cama (id_cama, nombre) VALUES (UNHEX('E8FA960E57CF11E8A87C40167EB4F57C'), '31');
INSERT INTO cama (id_cama, nombre) VALUES (UNHEX('E8FA96D557CF11E8A87C40167EB4F57C'), '32');
INSERT INTO cama (id_cama, nombre) VALUES (UNHEX('E8FA979E57CF11E8A87C40167EB4F57C'), '33');
INSERT INTO cama (id_cama, nombre) VALUES (UNHEX('E8FA986357CF11E8A87C40167EB4F57C'), '34');
INSERT INTO cama (id_cama, nombre) VALUES (UNHEX('E8FA992257CF11E8A87C40167EB4F57C'), '35');
INSERT INTO cama (id_cama, nombre) VALUES (UNHEX('E8FA99DF57CF11E8A87C40167EB4F57C'), '36');
INSERT INTO cama (id_cama, nombre) VALUES (UNHEX('E8FA9A9E57CF11E8A87C40167EB4F57C'), '37');
INSERT INTO cama (id_cama, nombre) VALUES (UNHEX('E8FA9B5B57CF11E8A87C40167EB4F57C'), '38');
INSERT INTO cama (id_cama, nombre) VALUES (UNHEX('E8FA9C1857CF11E8A87C40167EB4F57C'), '39');
INSERT INTO cama (id_cama, nombre) VALUES (UNHEX('E8FA9D3357CF11E8A87C40167EB4F57C'), '40');
INSERT INTO cama (id_cama, nombre) VALUES (UNHEX('E8FA9DF557CF11E8A87C40167EB4F57C'), '41');
INSERT INTO cama (id_cama, nombre) VALUES (UNHEX('E8FA9EB457CF11E8A87C40167EB4F57C'), '42');
INSERT INTO cama (id_cama, nombre) VALUES (UNHEX('E8FA9F7157CF11E8A87C40167EB4F57C'), '43');
INSERT INTO cama (id_cama, nombre) VALUES (UNHEX('E8FAA02E57CF11E8A87C40167EB4F57C'), '44');
INSERT INTO cama (id_cama, nombre) VALUES (UNHEX('E8FAA0F057CF11E8A87C40167EB4F57C'), '45');
INSERT INTO cama (id_cama, nombre) VALUES (UNHEX('E8FAA1AD57CF11E8A87C40167EB4F57C'), '46');
INSERT INTO cama (id_cama, nombre) VALUES (UNHEX('E8FAA26C57CF11E8A87C40167EB4F57C'), '47');
INSERT INTO cama (id_cama, nombre) VALUES (UNHEX('E8FAA32C57CF11E8A87C40167EB4F57C'), '48');
INSERT INTO cama (id_cama, nombre) VALUES (UNHEX('E8FAA3E857CF11E8A87C40167EB4F57C'), '49');
INSERT INTO cama (id_cama, nombre) VALUES (UNHEX('E8FAA4A557CF11E8A87C40167EB4F57C'), '50');
INSERT INTO cama (id_cama, nombre) VALUES (UNHEX('E8FAA55F57CF11E8A87C40167EB4F57C'), '51');
INSERT INTO cama (id_cama, nombre) VALUES (UNHEX('E8FAA61C57CF11E8A87C40167EB4F57C'), '52');
INSERT INTO cama (id_cama, nombre) VALUES (UNHEX('E8FAA6DE57CF11E8A87C40167EB4F57C'), '53');
INSERT INTO cama (id_cama, nombre) VALUES (UNHEX('E8FAA7EA57CF11E8A87C40167EB4F57C'), '54');
INSERT INTO cama (id_cama, nombre) VALUES (UNHEX('E8FAA8A757CF11E8A87C40167EB4F57C'), '55');
INSERT INTO cama (id_cama, nombre) VALUES (UNHEX('E8FAA96457CF11E8A87C40167EB4F57C'), '56');
INSERT INTO cama (id_cama, nombre) VALUES (UNHEX('E8FAAA2057CF11E8A87C40167EB4F57C'), '57');
INSERT INTO cama (id_cama, nombre) VALUES (UNHEX('E8FAAADB57CF11E8A87C40167EB4F57C'), '58');
INSERT INTO cama (id_cama, nombre) VALUES (UNHEX('E8FAAB9857CF11E8A87C40167EB4F57C'), '59');
INSERT INTO cama (id_cama, nombre) VALUES (UNHEX('E8FAAC5257CF11E8A87C40167EB4F57C'), '60');
INSERT INTO cama (id_cama, nombre) VALUES (UNHEX('E8FAAD7757CF11E8A87C40167EB4F57C'), '61');
INSERT INTO cama (id_cama, nombre) VALUES (UNHEX('E8FAAE3757CF11E8A87C40167EB4F57C'), '62');
INSERT INTO cama (id_cama, nombre) VALUES (UNHEX('E8FAAEF357CF11E8A87C40167EB4F57C'), '63');
INSERT INTO cama (id_cama, nombre) VALUES (UNHEX('E8FAAFB357CF11E8A87C40167EB4F57C'), '64');
INSERT INTO cama (id_cama, nombre) VALUES (UNHEX('E8FAB07057CF11E8A87C40167EB4F57C'), '65');
INSERT INTO cama (id_cama, nombre) VALUES (UNHEX('E8FAB12F57CF11E8A87C40167EB4F57C'), '66');
INSERT INTO cama (id_cama, nombre) VALUES (UNHEX('E8FAB1E957CF11E8A87C40167EB4F57C'), '67');
INSERT INTO cama (id_cama, nombre) VALUES (UNHEX('E8FAB2A657CF11E8A87C40167EB4F57C'), '68');
INSERT INTO cama (id_cama, nombre) VALUES (UNHEX('E8FAB36557CF11E8A87C40167EB4F57C'), '69');
INSERT INTO cama (id_cama, nombre) VALUES (UNHEX('E8FAB42057CF11E8A87C40167EB4F57C'), '70');
INSERT INTO cama (id_cama, nombre) VALUES (UNHEX('E8FAB4DC57CF11E8A87C40167EB4F57C'), '71');
INSERT INTO cama (id_cama, nombre) VALUES (UNHEX('E8FAB59757CF11E8A87C40167EB4F57C'), '72');
INSERT INTO cama (id_cama, nombre) VALUES (UNHEX('E8FAB65457CF11E8A87C40167EB4F57C'), '73');
INSERT INTO cama (id_cama, nombre) VALUES (UNHEX('E8FAB71057CF11E8A87C40167EB4F57C'), '74');
INSERT INTO cama (id_cama, nombre) VALUES (UNHEX('E8FAB7CB57CF11E8A87C40167EB4F57C'), '75');
INSERT INTO cama (id_cama, nombre) VALUES (UNHEX('E8FAB88757CF11E8A87C40167EB4F57C'), '76');
INSERT INTO cama (id_cama, nombre) VALUES (UNHEX('E8FAB94457CF11E8A87C40167EB4F57C'), '77');
INSERT INTO cama (id_cama, nombre) VALUES (UNHEX('E8FAB9FE57CF11E8A87C40167EB4F57C'), '78');
INSERT INTO cama (id_cama, nombre) VALUES (UNHEX('E8FABAB957CF11E8A87C40167EB4F57C'), '79');
INSERT INTO cama (id_cama, nombre) VALUES (UNHEX('E8FABB7357CF11E8A87C40167EB4F57C'), '80');
INSERT INTO cama (id_cama, nombre) VALUES (UNHEX('E8FABC3057CF11E8A87C40167EB4F57C'), '81');
INSERT INTO cama (id_cama, nombre) VALUES (UNHEX('E8FABCED57CF11E8A87C40167EB4F57C'), '82');
INSERT INTO cama (id_cama, nombre) VALUES (UNHEX('E8FABDA957CF11E8A87C40167EB4F57C'), '83');
INSERT INTO cama (id_cama, nombre) VALUES (UNHEX('E8FABEDC57CF11E8A87C40167EB4F57C'), '84');
INSERT INTO cama (id_cama, nombre) VALUES (UNHEX('E8FABF9B57CF11E8A87C40167EB4F57C'), '85');
INSERT INTO cama (id_cama, nombre) VALUES (UNHEX('E8FAC05857CF11E8A87C40167EB4F57C'), '86');
INSERT INTO cama (id_cama, nombre) VALUES (UNHEX('E8FAC11257CF11E8A87C40167EB4F57C'), '87');
INSERT INTO cama (id_cama, nombre) VALUES (UNHEX('E8FAC1CC57CF11E8A87C40167EB4F57C'), '88');
INSERT INTO cama (id_cama, nombre) VALUES (UNHEX('E8FAC28957CF11E8A87C40167EB4F57C'), '89');
INSERT INTO cama (id_cama, nombre) VALUES (UNHEX('E8FAC34357CF11E8A87C40167EB4F57C'), '90');
INSERT INTO cama (id_cama, nombre) VALUES (UNHEX('E8FAC3FE57CF11E8A87C40167EB4F57C'), '91');
INSERT INTO cama (id_cama, nombre) VALUES (UNHEX('E8FAC4BD57CF11E8A87C40167EB4F57C'), '92');
INSERT INTO cama (id_cama, nombre) VALUES (UNHEX('E8FAC57A57CF11E8A87C40167EB4F57C'), '93');
INSERT INTO cama (id_cama, nombre) VALUES (UNHEX('E8FAC63157CF11E8A87C40167EB4F57C'), '94');
INSERT INTO cama (id_cama, nombre) VALUES (UNHEX('E8FAC6EC57CF11E8A87C40167EB4F57C'), '95');
INSERT INTO cama (id_cama, nombre) VALUES (UNHEX('E8FAC7A957CF11E8A87C40167EB4F57C'), '96');
INSERT INTO cama (id_cama, nombre) VALUES (UNHEX('E8FAC86857CF11E8A87C40167EB4F57C'), '97');
INSERT INTO cama (id_cama, nombre) VALUES (UNHEX('E8FAC92057CF11E8A87C40167EB4F57C'), '98');
INSERT INTO cama (id_cama, nombre) VALUES (UNHEX('E8FAC9E257CF11E8A87C40167EB4F57C'), '99');

INSERT INTO servicio (id_servicio , nombre) VALUES (UNHEX('FCAB127857CF11E8A87C40167EB4F57C'), 'HOSPITALIZACIÓN');
INSERT INTO servicio (id_servicio , nombre) VALUES (UNHEX('FCAB11AE57CF11E8A87C40167EB4F57C'), 'UCE');
INSERT INTO servicio (id_servicio , nombre) VALUES (UNHEX('FCAB10EA57CF11E8A87C40167EB4F57C'), 'CONSULTA EXTERNA');
INSERT INTO servicio (id_servicio , nombre) VALUES (UNHEX('FCAB102657CF11E8A87C40167EB4F57C'), 'CONSULTA PRIORITARIA');

INSERT INTO alteracion (id_alteracion , nombre) VALUES (UNHEX('FCAB0A7A57CF11E8A87C40167EB4F57C'), 'INSOMNIO');
INSERT INTO alteracion (id_alteracion , nombre) VALUES (UNHEX('FCAB094257CF11E8A87C40167EB4F57C'), 'SOMNOLENCIA');
INSERT INTO alteracion (id_alteracion , nombre) VALUES (UNHEX('FCAB087E57CF11E8A87C40167EB4F57C'), 'HIPERSOMNIA');
INSERT INTO alteracion (id_alteracion , nombre) VALUES (UNHEX('FCAB07BA57CF11E8A87C40167EB4F57C'), 'TERRORES NOCTURNOS');
INSERT INTO alteracion (id_alteracion , nombre) VALUES (UNHEX('FCAB06F257CF11E8A87C40167EB4F57C'), 'PESADILLA');
INSERT INTO alteracion (id_alteracion , nombre) VALUES (UNHEX('FCAB062657CF11E8A87C40167EB4F57C'), 'OTRAS');

INSERT INTO patron (id_patron, nombre) VALUES (UNHEX('FCAB009457CF11E8A87C40167EB4F57C'), 'PERSONA');
INSERT INTO patron (id_patron, nombre) VALUES (UNHEX('FCAAFF3157CF11E8A87C40167EB4F57C'), 'TIEMPO');
INSERT INTO patron (id_patron, nombre) VALUES (UNHEX('FCAAFD9457CF11E8A87C40167EB4F57C'), 'ESPACIO');

INSERT INTO tono_voz (id_tono_voz , nombre) VALUES (UNHEX('FCAAFAFF57CF11E8A87C40167EB4F57C'), 'BAJO');
INSERT INTO tono_voz (id_tono_voz , nombre) VALUES (UNHEX('FCAAF9DF57CF11E8A87C40167EB4F57C'), 'NORMAL');
INSERT INTO tono_voz (id_tono_voz , nombre) VALUES (UNHEX('FCAAF90B57CF11E8A87C40167EB4F57C'), 'ALTO');


